SourceProductID,TargetProductID,Relation,Weight,Scenario,Reason
1,24,COMPLEMENTS,0.683,家庭安防,华为智选门口猫眼摄像头 Plus 与 小米租房智能门锁 Plus 在家庭安防场景中互补，适合作为搭配推荐。
1,28,COMPLEMENTS,0.858,家庭安防,360宝宝看护摄像头 Pro 与 小米租房智能门锁 Plus 在家庭安防场景中互补，适合作为搭配推荐。
1,38,COMPLEMENTS,0.744,家庭安防,Aqara烟雾报警器 Plus 与 小米租房智能门锁 Plus 在家庭安防场景中互补，适合作为搭配推荐。
1,45,COMPLEMENTS,0.739,家庭安防,绿米烟雾报警器 Max 与 小米租房智能门锁 Plus 在家庭安防场景中互补，适合作为搭配推荐。
1,293,REQUIRES_HUB,0.768,全屋智能,米家多模网关 Plus 可以作为 小米租房智能门锁 Plus 的连接中枢，提升全屋智能联动稳定性。
1,294,REQUIRES_HUB,0.787,全屋智能,米家Matter 网关 Pro 可以作为 小米租房智能门锁 Plus 的连接中枢，提升全屋智能联动稳定性。
2,24,COMPLEMENTS,0.762,家庭安防,华为智选门口猫眼摄像头 Plus 与 小米人脸识别门锁 Plus 在家庭安防场景中互补，适合作为搭配推荐。
2,28,COMPLEMENTS,0.782,家庭安防,360宝宝看护摄像头 Pro 与 小米人脸识别门锁 Plus 在家庭安防场景中互补，适合作为搭配推荐。
2,38,COMPLEMENTS,0.747,家庭安防,Aqara烟雾报警器 Plus 与 小米人脸识别门锁 Plus 在家庭安防场景中互补，适合作为搭配推荐。
2,45,COMPLEMENTS,0.69,家庭安防,绿米烟雾报警器 Max 与 小米人脸识别门锁 Plus 在家庭安防场景中互补，适合作为搭配推荐。
2,293,REQUIRES_HUB,0.885,全屋智能,米家多模网关 Plus 可以作为 小米人脸识别门锁 Plus 的连接中枢，提升全屋智能联动稳定性。
2,294,REQUIRES_HUB,0.737,全屋智能,米家Matter 网关 Pro 可以作为 小米人脸识别门锁 Plus 的连接中枢，提升全屋智能联动稳定性。
3,24,COMPLEMENTS,0.732,家庭安防,华为智选门口猫眼摄像头 Plus 与 小米电子猫眼门锁 Lite 在家庭安防场景中互补，适合作为搭配推荐。
3,28,COMPLEMENTS,0.898,家庭安防,360宝宝看护摄像头 Pro 与 小米电子猫眼门锁 Lite 在家庭安防场景中互补，适合作为搭配推荐。
3,38,COMPLEMENTS,0.917,家庭安防,Aqara烟雾报警器 Plus 与 小米电子猫眼门锁 Lite 在家庭安防场景中互补，适合作为搭配推荐。
3,45,COMPLEMENTS,0.909,家庭安防,绿米烟雾报警器 Max 与 小米电子猫眼门锁 Lite 在家庭安防场景中互补，适合作为搭配推荐。
3,293,REQUIRES_HUB,0.85,全屋智能,米家多模网关 Plus 可以作为 小米电子猫眼门锁 Lite 的连接中枢，提升全屋智能联动稳定性。
3,294,REQUIRES_HUB,0.851,全屋智能,米家Matter 网关 Pro 可以作为 小米电子猫眼门锁 Lite 的连接中枢，提升全屋智能联动稳定性。
4,24,COMPLEMENTS,0.811,家庭安防,华为智选门口猫眼摄像头 Plus 与 华为智选电子猫眼门锁 Max 在家庭安防场景中互补，适合作为搭配推荐。
4,28,COMPLEMENTS,0.862,家庭安防,360宝宝看护摄像头 Pro 与 华为智选电子猫眼门锁 Max 在家庭安防场景中互补，适合作为搭配推荐。
4,38,COMPLEMENTS,0.911,家庭安防,Aqara烟雾报警器 Plus 与 华为智选电子猫眼门锁 Max 在家庭安防场景中互补，适合作为搭配推荐。
4,45,COMPLEMENTS,0.88,家庭安防,绿米烟雾报警器 Max 与 华为智选电子猫眼门锁 Max 在家庭安防场景中互补，适合作为搭配推荐。
4,293,REQUIRES_HUB,0.86,全屋智能,米家多模网关 Plus 可以作为 华为智选电子猫眼门锁 Max 的连接中枢，提升全屋智能联动稳定性。
4,294,REQUIRES_HUB,0.831,全屋智能,米家Matter 网关 Pro 可以作为 华为智选电子猫眼门锁 Max 的连接中枢，提升全屋智能联动稳定性。
5,24,COMPLEMENTS,0.891,家庭安防,华为智选门口猫眼摄像头 Plus 与 华为智选指纹门锁 Plus 在家庭安防场景中互补，适合作为搭配推荐。
5,28,COMPLEMENTS,0.909,家庭安防,360宝宝看护摄像头 Pro 与 华为智选指纹门锁 Plus 在家庭安防场景中互补，适合作为搭配推荐。
5,38,COMPLEMENTS,0.691,家庭安防,Aqara烟雾报警器 Plus 与 华为智选指纹门锁 Plus 在家庭安防场景中互补，适合作为搭配推荐。
5,45,COMPLEMENTS,0.798,家庭安防,绿米烟雾报警器 Max 与 华为智选指纹门锁 Plus 在家庭安防场景中互补，适合作为搭配推荐。
5,293,REQUIRES_HUB,0.82,全屋智能,米家多模网关 Plus 可以作为 华为智选指纹门锁 Plus 的连接中枢，提升全屋智能联动稳定性。
5,294,REQUIRES_HUB,0.748,全屋智能,米家Matter 网关 Pro 可以作为 华为智选指纹门锁 Plus 的连接中枢，提升全屋智能联动稳定性。
6,24,COMPLEMENTS,0.8,家庭安防,华为智选门口猫眼摄像头 Plus 与 华为智选入户安全门锁 Lite 在家庭安防场景中互补，适合作为搭配推荐。
6,28,COMPLEMENTS,0.724,家庭安防,360宝宝看护摄像头 Pro 与 华为智选入户安全门锁 Lite 在家庭安防场景中互补，适合作为搭配推荐。
6,38,COMPLEMENTS,0.819,家庭安防,Aqara烟雾报警器 Plus 与 华为智选入户安全门锁 Lite 在家庭安防场景中互补，适合作为搭配推荐。
6,45,COMPLEMENTS,0.773,家庭安防,绿米烟雾报警器 Max 与 华为智选入户安全门锁 Lite 在家庭安防场景中互补，适合作为搭配推荐。
6,293,REQUIRES_HUB,0.861,全屋智能,米家多模网关 Plus 可以作为 华为智选入户安全门锁 Lite 的连接中枢，提升全屋智能联动稳定性。
6,294,REQUIRES_HUB,0.888,全屋智能,米家Matter 网关 Pro 可以作为 华为智选入户安全门锁 Lite 的连接中枢，提升全屋智能联动稳定性。
7,24,COMPLEMENTS,0.919,家庭安防,华为智选门口猫眼摄像头 Plus 与 鹿客掌静脉门锁 Lite 在家庭安防场景中互补，适合作为搭配推荐。
7,28,COMPLEMENTS,0.802,家庭安防,360宝宝看护摄像头 Pro 与 鹿客掌静脉门锁 Lite 在家庭安防场景中互补，适合作为搭配推荐。
7,38,COMPLEMENTS,0.82,家庭安防,Aqara烟雾报警器 Plus 与 鹿客掌静脉门锁 Lite 在家庭安防场景中互补，适合作为搭配推荐。
7,45,COMPLEMENTS,0.819,家庭安防,绿米烟雾报警器 Max 与 鹿客掌静脉门锁 Lite 在家庭安防场景中互补，适合作为搭配推荐。
7,293,REQUIRES_HUB,0.907,全屋智能,米家多模网关 Plus 可以作为 鹿客掌静脉门锁 Lite 的连接中枢，提升全屋智能联动稳定性。
7,294,REQUIRES_HUB,0.911,全屋智能,米家Matter 网关 Pro 可以作为 鹿客掌静脉门锁 Lite 的连接中枢，提升全屋智能联动稳定性。
8,24,COMPLEMENTS,0.748,家庭安防,华为智选门口猫眼摄像头 Plus 与 鹿客电子猫眼门锁 Lite 在家庭安防场景中互补，适合作为搭配推荐。
8,28,COMPLEMENTS,0.762,家庭安防,360宝宝看护摄像头 Pro 与 鹿客电子猫眼门锁 Lite 在家庭安防场景中互补，适合作为搭配推荐。
8,38,COMPLEMENTS,0.714,家庭安防,Aqara烟雾报警器 Plus 与 鹿客电子猫眼门锁 Lite 在家庭安防场景中互补，适合作为搭配推荐。
8,45,COMPLEMENTS,0.873,家庭安防,绿米烟雾报警器 Max 与 鹿客电子猫眼门锁 Lite 在家庭安防场景中互补，适合作为搭配推荐。
8,293,REQUIRES_HUB,0.85,全屋智能,米家多模网关 Plus 可以作为 鹿客电子猫眼门锁 Lite 的连接中枢，提升全屋智能联动稳定性。
8,294,REQUIRES_HUB,0.77,全屋智能,米家Matter 网关 Pro 可以作为 鹿客电子猫眼门锁 Lite 的连接中枢，提升全屋智能联动稳定性。
9,24,COMPLEMENTS,0.903,家庭安防,华为智选门口猫眼摄像头 Plus 与 鹿客入户安全门锁 Plus 在家庭安防场景中互补，适合作为搭配推荐。
9,28,COMPLEMENTS,0.874,家庭安防,360宝宝看护摄像头 Pro 与 鹿客入户安全门锁 Plus 在家庭安防场景中互补，适合作为搭配推荐。
9,38,COMPLEMENTS,0.85,家庭安防,Aqara烟雾报警器 Plus 与 鹿客入户安全门锁 Plus 在家庭安防场景中互补，适合作为搭配推荐。
9,45,COMPLEMENTS,0.937,家庭安防,绿米烟雾报警器 Max 与 鹿客入户安全门锁 Plus 在家庭安防场景中互补，适合作为搭配推荐。
9,293,REQUIRES_HUB,0.822,全屋智能,米家多模网关 Plus 可以作为 鹿客入户安全门锁 Plus 的连接中枢，提升全屋智能联动稳定性。
9,294,REQUIRES_HUB,0.714,全屋智能,米家Matter 网关 Pro 可以作为 鹿客入户安全门锁 Plus 的连接中枢，提升全屋智能联动稳定性。
10,24,COMPLEMENTS,0.851,家庭安防,华为智选门口猫眼摄像头 Plus 与 德施曼入户安全门锁 Pro 在家庭安防场景中互补，适合作为搭配推荐。
10,28,COMPLEMENTS,0.689,家庭安防,360宝宝看护摄像头 Pro 与 德施曼入户安全门锁 Pro 在家庭安防场景中互补，适合作为搭配推荐。
10,38,COMPLEMENTS,0.77,家庭安防,Aqara烟雾报警器 Plus 与 德施曼入户安全门锁 Pro 在家庭安防场景中互补，适合作为搭配推荐。
10,45,COMPLEMENTS,0.706,家庭安防,绿米烟雾报警器 Max 与 德施曼入户安全门锁 Pro 在家庭安防场景中互补，适合作为搭配推荐。
10,293,REQUIRES_HUB,0.767,全屋智能,米家多模网关 Plus 可以作为 德施曼入户安全门锁 Pro 的连接中枢，提升全屋智能联动稳定性。
10,294,REQUIRES_HUB,0.722,全屋智能,米家Matter 网关 Pro 可以作为 德施曼入户安全门锁 Pro 的连接中枢，提升全屋智能联动稳定性。
11,24,COMPLEMENTS,0.788,家庭安防,华为智选门口猫眼摄像头 Plus 与 德施曼人脸识别门锁 Pro 在家庭安防场景中互补，适合作为搭配推荐。
11,28,COMPLEMENTS,0.694,家庭安防,360宝宝看护摄像头 Pro 与 德施曼人脸识别门锁 Pro 在家庭安防场景中互补，适合作为搭配推荐。
11,38,COMPLEMENTS,0.717,家庭安防,Aqara烟雾报警器 Plus 与 德施曼人脸识别门锁 Pro 在家庭安防场景中互补，适合作为搭配推荐。
11,45,COMPLEMENTS,0.898,家庭安防,绿米烟雾报警器 Max 与 德施曼人脸识别门锁 Pro 在家庭安防场景中互补，适合作为搭配推荐。
11,293,REQUIRES_HUB,0.692,全屋智能,米家多模网关 Plus 可以作为 德施曼人脸识别门锁 Pro 的连接中枢，提升全屋智能联动稳定性。
11,294,REQUIRES_HUB,0.918,全屋智能,米家Matter 网关 Pro 可以作为 德施曼人脸识别门锁 Pro 的连接中枢，提升全屋智能联动稳定性。
12,24,COMPLEMENTS,0.84,家庭安防,华为智选门口猫眼摄像头 Plus 与 德施曼掌静脉门锁 Lite 在家庭安防场景中互补，适合作为搭配推荐。
12,28,COMPLEMENTS,0.691,家庭安防,360宝宝看护摄像头 Pro 与 德施曼掌静脉门锁 Lite 在家庭安防场景中互补，适合作为搭配推荐。
12,38,COMPLEMENTS,0.855,家庭安防,Aqara烟雾报警器 Plus 与 德施曼掌静脉门锁 Lite 在家庭安防场景中互补，适合作为搭配推荐。
12,45,COMPLEMENTS,0.773,家庭安防,绿米烟雾报警器 Max 与 德施曼掌静脉门锁 Lite 在家庭安防场景中互补，适合作为搭配推荐。
12,293,REQUIRES_HUB,0.824,全屋智能,米家多模网关 Plus 可以作为 德施曼掌静脉门锁 Lite 的连接中枢，提升全屋智能联动稳定性。
12,294,REQUIRES_HUB,0.714,全屋智能,米家Matter 网关 Pro 可以作为 德施曼掌静脉门锁 Lite 的连接中枢，提升全屋智能联动稳定性。
13,24,COMPLEMENTS,0.917,家庭安防,华为智选门口猫眼摄像头 Plus 与 凯迪仕指纹门锁 Lite 在家庭安防场景中互补，适合作为搭配推荐。
13,28,COMPLEMENTS,0.824,家庭安防,360宝宝看护摄像头 Pro 与 凯迪仕指纹门锁 Lite 在家庭安防场景中互补，适合作为搭配推荐。
13,38,COMPLEMENTS,0.774,家庭安防,Aqara烟雾报警器 Plus 与 凯迪仕指纹门锁 Lite 在家庭安防场景中互补，适合作为搭配推荐。
13,45,COMPLEMENTS,0.784,家庭安防,绿米烟雾报警器 Max 与 凯迪仕指纹门锁 Lite 在家庭安防场景中互补，适合作为搭配推荐。
13,293,REQUIRES_HUB,0.787,全屋智能,米家多模网关 Plus 可以作为 凯迪仕指纹门锁 Lite 的连接中枢，提升全屋智能联动稳定性。
13,294,REQUIRES_HUB,0.789,全屋智能,米家Matter 网关 Pro 可以作为 凯迪仕指纹门锁 Lite 的连接中枢，提升全屋智能联动稳定性。
14,24,COMPLEMENTS,0.79,家庭安防,华为智选门口猫眼摄像头 Plus 与 凯迪仕租房智能门锁 Plus 在家庭安防场景中互补，适合作为搭配推荐。
14,28,COMPLEMENTS,0.827,家庭安防,360宝宝看护摄像头 Pro 与 凯迪仕租房智能门锁 Plus 在家庭安防场景中互补，适合作为搭配推荐。
14,38,COMPLEMENTS,0.681,家庭安防,Aqara烟雾报警器 Plus 与 凯迪仕租房智能门锁 Plus 在家庭安防场景中互补，适合作为搭配推荐。
14,45,COMPLEMENTS,0.764,家庭安防,绿米烟雾报警器 Max 与 凯迪仕租房智能门锁 Plus 在家庭安防场景中互补，适合作为搭配推荐。
14,293,REQUIRES_HUB,0.705,全屋智能,米家多模网关 Plus 可以作为 凯迪仕租房智能门锁 Plus 的连接中枢，提升全屋智能联动稳定性。
14,294,REQUIRES_HUB,0.77,全屋智能,米家Matter 网关 Pro 可以作为 凯迪仕租房智能门锁 Plus 的连接中枢，提升全屋智能联动稳定性。
15,24,COMPLEMENTS,0.859,家庭安防,华为智选门口猫眼摄像头 Plus 与 凯迪仕人脸识别门锁 Plus 在家庭安防场景中互补，适合作为搭配推荐。
15,28,COMPLEMENTS,0.716,家庭安防,360宝宝看护摄像头 Pro 与 凯迪仕人脸识别门锁 Plus 在家庭安防场景中互补，适合作为搭配推荐。
15,38,COMPLEMENTS,0.743,家庭安防,Aqara烟雾报警器 Plus 与 凯迪仕人脸识别门锁 Plus 在家庭安防场景中互补，适合作为搭配推荐。
15,45,COMPLEMENTS,0.937,家庭安防,绿米烟雾报警器 Max 与 凯迪仕人脸识别门锁 Plus 在家庭安防场景中互补，适合作为搭配推荐。
15,293,REQUIRES_HUB,0.839,全屋智能,米家多模网关 Plus 可以作为 凯迪仕人脸识别门锁 Plus 的连接中枢，提升全屋智能联动稳定性。
15,294,REQUIRES_HUB,0.839,全屋智能,米家Matter 网关 Pro 可以作为 凯迪仕人脸识别门锁 Plus 的连接中枢，提升全屋智能联动稳定性。
16,24,COMPLEMENTS,0.841,家庭安防,华为智选门口猫眼摄像头 Plus 与 Aqara人脸识别门锁 Lite 在家庭安防场景中互补，适合作为搭配推荐。
16,28,COMPLEMENTS,0.696,家庭安防,360宝宝看护摄像头 Pro 与 Aqara人脸识别门锁 Lite 在家庭安防场景中互补，适合作为搭配推荐。
16,38,COMPLEMENTS,0.917,家庭安防,Aqara烟雾报警器 Plus 与 Aqara人脸识别门锁 Lite 在家庭安防场景中互补，适合作为搭配推荐。
16,45,COMPLEMENTS,0.683,家庭安防,绿米烟雾报警器 Max 与 Aqara人脸识别门锁 Lite 在家庭安防场景中互补，适合作为搭配推荐。
16,293,REQUIRES_HUB,0.83,全屋智能,米家多模网关 Plus 可以作为 Aqara人脸识别门锁 Lite 的连接中枢，提升全屋智能联动稳定性。
16,294,REQUIRES_HUB,0.73,全屋智能,米家Matter 网关 Pro 可以作为 Aqara人脸识别门锁 Lite 的连接中枢，提升全屋智能联动稳定性。
17,24,COMPLEMENTS,0.924,家庭安防,华为智选门口猫眼摄像头 Plus 与 Aqara电子猫眼门锁 Lite 在家庭安防场景中互补，适合作为搭配推荐。
17,28,COMPLEMENTS,0.862,家庭安防,360宝宝看护摄像头 Pro 与 Aqara电子猫眼门锁 Lite 在家庭安防场景中互补，适合作为搭配推荐。
17,38,COMPLEMENTS,0.866,家庭安防,Aqara烟雾报警器 Plus 与 Aqara电子猫眼门锁 Lite 在家庭安防场景中互补，适合作为搭配推荐。
17,45,COMPLEMENTS,0.801,家庭安防,绿米烟雾报警器 Max 与 Aqara电子猫眼门锁 Lite 在家庭安防场景中互补，适合作为搭配推荐。
17,293,REQUIRES_HUB,0.86,全屋智能,米家多模网关 Plus 可以作为 Aqara电子猫眼门锁 Lite 的连接中枢，提升全屋智能联动稳定性。
17,294,REQUIRES_HUB,0.707,全屋智能,米家Matter 网关 Pro 可以作为 Aqara电子猫眼门锁 Lite 的连接中枢，提升全屋智能联动稳定性。
18,24,COMPLEMENTS,0.709,家庭安防,华为智选门口猫眼摄像头 Plus 与 Aqara入户安全门锁 Lite 在家庭安防场景中互补，适合作为搭配推荐。
18,28,COMPLEMENTS,0.785,家庭安防,360宝宝看护摄像头 Pro 与 Aqara入户安全门锁 Lite 在家庭安防场景中互补，适合作为搭配推荐。
18,38,COMPLEMENTS,0.804,家庭安防,Aqara烟雾报警器 Plus 与 Aqara入户安全门锁 Lite 在家庭安防场景中互补，适合作为搭配推荐。
18,45,COMPLEMENTS,0.707,家庭安防,绿米烟雾报警器 Max 与 Aqara入户安全门锁 Lite 在家庭安防场景中互补，适合作为搭配推荐。
18,293,REQUIRES_HUB,0.786,全屋智能,米家多模网关 Plus 可以作为 Aqara入户安全门锁 Lite 的连接中枢，提升全屋智能联动稳定性。
18,294,REQUIRES_HUB,0.902,全屋智能,米家Matter 网关 Pro 可以作为 Aqara入户安全门锁 Lite 的连接中枢，提升全屋智能联动稳定性。
19,2,COMPLEMENTS,0.841,家庭安防,小米人脸识别门锁 Plus 与 小米门口猫眼摄像头 Plus 在家庭安防场景中互补，适合作为搭配推荐。
19,7,COMPLEMENTS,0.911,家庭安防,鹿客掌静脉门锁 Lite 与 小米门口猫眼摄像头 Plus 在家庭安防场景中互补，适合作为搭配推荐。
19,38,COMPLEMENTS,0.822,老人看护,Aqara烟雾报警器 Plus 与 小米门口猫眼摄像头 Plus 在老人看护场景中互补，适合作为搭配推荐。
19,45,COMPLEMENTS,0.756,老人看护,绿米烟雾报警器 Max 与 小米门口猫眼摄像头 Plus 在老人看护场景中互补，适合作为搭配推荐。
20,2,COMPLEMENTS,0.853,家庭安防,小米人脸识别门锁 Plus 与 小米宝宝看护摄像头 Lite 在家庭安防场景中互补，适合作为搭配推荐。
20,7,COMPLEMENTS,0.899,家庭安防,鹿客掌静脉门锁 Lite 与 小米宝宝看护摄像头 Lite 在家庭安防场景中互补，适合作为搭配推荐。
20,38,COMPLEMENTS,0.877,老人看护,Aqara烟雾报警器 Plus 与 小米宝宝看护摄像头 Lite 在老人看护场景中互补，适合作为搭配推荐。
20,45,COMPLEMENTS,0.782,老人看护,绿米烟雾报警器 Max 与 小米宝宝看护摄像头 Lite 在老人看护场景中互补，适合作为搭配推荐。
21,2,COMPLEMENTS,0.715,家庭安防,小米人脸识别门锁 Plus 与 小米云台摄像机 Lite 在家庭安防场景中互补，适合作为搭配推荐。
21,7,COMPLEMENTS,0.814,家庭安防,鹿客掌静脉门锁 Lite 与 小米云台摄像机 Lite 在家庭安防场景中互补，适合作为搭配推荐。
21,38,COMPLEMENTS,0.756,老人看护,Aqara烟雾报警器 Plus 与 小米云台摄像机 Lite 在老人看护场景中互补，适合作为搭配推荐。
21,45,COMPLEMENTS,0.884,老人看护,绿米烟雾报警器 Max 与 小米云台摄像机 Lite 在老人看护场景中互补，适合作为搭配推荐。
22,2,COMPLEMENTS,0.725,家庭安防,小米人脸识别门锁 Plus 与 华为智选户外防水摄像头 Lite 在家庭安防场景中互补，适合作为搭配推荐。
22,7,COMPLEMENTS,0.9,家庭安防,鹿客掌静脉门锁 Lite 与 华为智选户外防水摄像头 Lite 在家庭安防场景中互补，适合作为搭配推荐。
22,38,COMPLEMENTS,0.754,老人看护,Aqara烟雾报警器 Plus 与 华为智选户外防水摄像头 Lite 在老人看护场景中互补，适合作为搭配推荐。
22,45,COMPLEMENTS,0.905,老人看护,绿米烟雾报警器 Max 与 华为智选户外防水摄像头 Lite 在老人看护场景中互补，适合作为搭配推荐。
23,2,COMPLEMENTS,0.788,家庭安防,小米人脸识别门锁 Plus 与 华为智选云台摄像机 Plus 在家庭安防场景中互补，适合作为搭配推荐。
23,7,COMPLEMENTS,0.91,家庭安防,鹿客掌静脉门锁 Lite 与 华为智选云台摄像机 Plus 在家庭安防场景中互补，适合作为搭配推荐。
23,38,COMPLEMENTS,0.906,老人看护,Aqara烟雾报警器 Plus 与 华为智选云台摄像机 Plus 在老人看护场景中互补，适合作为搭配推荐。
23,45,COMPLEMENTS,0.856,老人看护,绿米烟雾报警器 Max 与 华为智选云台摄像机 Plus 在老人看护场景中互补，适合作为搭配推荐。
24,2,COMPLEMENTS,0.885,家庭安防,小米人脸识别门锁 Plus 与 华为智选门口猫眼摄像头 Plus 在家庭安防场景中互补，适合作为搭配推荐。
24,7,COMPLEMENTS,0.884,家庭安防,鹿客掌静脉门锁 Lite 与 华为智选门口猫眼摄像头 Plus 在家庭安防场景中互补，适合作为搭配推荐。
24,38,COMPLEMENTS,0.832,老人看护,Aqara烟雾报警器 Plus 与 华为智选门口猫眼摄像头 Plus 在老人看护场景中互补，适合作为搭配推荐。
24,45,COMPLEMENTS,0.825,老人看护,绿米烟雾报警器 Max 与 华为智选门口猫眼摄像头 Plus 在老人看护场景中互补，适合作为搭配推荐。
25,2,COMPLEMENTS,0.914,家庭安防,小米人脸识别门锁 Plus 与 萤石双摄追踪摄像机 Plus 在家庭安防场景中互补，适合作为搭配推荐。
25,7,COMPLEMENTS,0.853,家庭安防,鹿客掌静脉门锁 Lite 与 萤石双摄追踪摄像机 Plus 在家庭安防场景中互补，适合作为搭配推荐。
25,38,COMPLEMENTS,0.918,老人看护,Aqara烟雾报警器 Plus 与 萤石双摄追踪摄像机 Plus 在老人看护场景中互补，适合作为搭配推荐。
25,45,COMPLEMENTS,0.692,老人看护,绿米烟雾报警器 Max 与 萤石双摄追踪摄像机 Plus 在老人看护场景中互补，适合作为搭配推荐。
26,2,COMPLEMENTS,0.857,家庭安防,小米人脸识别门锁 Plus 与 萤石云台摄像机 Plus 在家庭安防场景中互补，适合作为搭配推荐。
26,7,COMPLEMENTS,0.928,家庭安防,鹿客掌静脉门锁 Lite 与 萤石云台摄像机 Plus 在家庭安防场景中互补，适合作为搭配推荐。
26,38,COMPLEMENTS,0.861,老人看护,Aqara烟雾报警器 Plus 与 萤石云台摄像机 Plus 在老人看护场景中互补，适合作为搭配推荐。
26,45,COMPLEMENTS,0.702,老人看护,绿米烟雾报警器 Max 与 萤石云台摄像机 Plus 在老人看护场景中互补，适合作为搭配推荐。
27,2,COMPLEMENTS,0.686,家庭安防,小米人脸识别门锁 Plus 与 萤石宝宝看护摄像头 Max 在家庭安防场景中互补，适合作为搭配推荐。
27,7,COMPLEMENTS,0.715,家庭安防,鹿客掌静脉门锁 Lite 与 萤石宝宝看护摄像头 Max 在家庭安防场景中互补，适合作为搭配推荐。
27,38,COMPLEMENTS,0.776,老人看护,Aqara烟雾报警器 Plus 与 萤石宝宝看护摄像头 Max 在老人看护场景中互补，适合作为搭配推荐。
27,45,COMPLEMENTS,0.863,老人看护,绿米烟雾报警器 Max 与 萤石宝宝看护摄像头 Max 在老人看护场景中互补，适合作为搭配推荐。
28,2,COMPLEMENTS,0.735,家庭安防,小米人脸识别门锁 Plus 与 360宝宝看护摄像头 Pro 在家庭安防场景中互补，适合作为搭配推荐。
28,7,COMPLEMENTS,0.715,家庭安防,鹿客掌静脉门锁 Lite 与 360宝宝看护摄像头 Pro 在家庭安防场景中互补，适合作为搭配推荐。
28,38,COMPLEMENTS,0.819,老人看护,Aqara烟雾报警器 Plus 与 360宝宝看护摄像头 Pro 在老人看护场景中互补，适合作为搭配推荐。
28,45,COMPLEMENTS,0.936,老人看护,绿米烟雾报警器 Max 与 360宝宝看护摄像头 Pro 在老人看护场景中互补，适合作为搭配推荐。
29,2,COMPLEMENTS,0.899,家庭安防,小米人脸识别门锁 Plus 与 360户外防水摄像头 Plus 在家庭安防场景中互补，适合作为搭配推荐。
29,7,COMPLEMENTS,0.812,家庭安防,鹿客掌静脉门锁 Lite 与 360户外防水摄像头 Plus 在家庭安防场景中互补，适合作为搭配推荐。
29,38,COMPLEMENTS,0.891,老人看护,Aqara烟雾报警器 Plus 与 360户外防水摄像头 Plus 在老人看护场景中互补，适合作为搭配推荐。
29,45,COMPLEMENTS,0.843,老人看护,绿米烟雾报警器 Max 与 360户外防水摄像头 Plus 在老人看护场景中互补，适合作为搭配推荐。
30,2,COMPLEMENTS,0.68,家庭安防,小米人脸识别门锁 Plus 与 360双摄追踪摄像机 Max 在家庭安防场景中互补，适合作为搭配推荐。
30,7,COMPLEMENTS,0.882,家庭安防,鹿客掌静脉门锁 Lite 与 360双摄追踪摄像机 Max 在家庭安防场景中互补，适合作为搭配推荐。
30,38,COMPLEMENTS,0.762,老人看护,Aqara烟雾报警器 Plus 与 360双摄追踪摄像机 Max 在老人看护场景中互补，适合作为搭配推荐。
30,45,COMPLEMENTS,0.697,老人看护,绿米烟雾报警器 Max 与 360双摄追踪摄像机 Max 在老人看护场景中互补，适合作为搭配推荐。
31,2,COMPLEMENTS,0.913,家庭安防,小米人脸识别门锁 Plus 与 TP-LINK双摄追踪摄像机 Pro 在家庭安防场景中互补，适合作为搭配推荐。
31,7,COMPLEMENTS,0.934,家庭安防,鹿客掌静脉门锁 Lite 与 TP-LINK双摄追踪摄像机 Pro 在家庭安防场景中互补，适合作为搭配推荐。
31,38,COMPLEMENTS,0.813,老人看护,Aqara烟雾报警器 Plus 与 TP-LINK双摄追踪摄像机 Pro 在老人看护场景中互补，适合作为搭配推荐。
31,45,COMPLEMENTS,0.776,老人看护,绿米烟雾报警器 Max 与 TP-LINK双摄追踪摄像机 Pro 在老人看护场景中互补，适合作为搭配推荐。
32,2,COMPLEMENTS,0.696,家庭安防,小米人脸识别门锁 Plus 与 TP-LINK云台摄像机 Lite 在家庭安防场景中互补，适合作为搭配推荐。
32,7,COMPLEMENTS,0.758,家庭安防,鹿客掌静脉门锁 Lite 与 TP-LINK云台摄像机 Lite 在家庭安防场景中互补，适合作为搭配推荐。
32,38,COMPLEMENTS,0.683,老人看护,Aqara烟雾报警器 Plus 与 TP-LINK云台摄像机 Lite 在老人看护场景中互补，适合作为搭配推荐。
32,45,COMPLEMENTS,0.931,老人看护,绿米烟雾报警器 Max 与 TP-LINK云台摄像机 Lite 在老人看护场景中互补，适合作为搭配推荐。
33,2,COMPLEMENTS,0.686,家庭安防,小米人脸识别门锁 Plus 与 TP-LINK2K 看家摄像头 Pro 在家庭安防场景中互补，适合作为搭配推荐。
33,7,COMPLEMENTS,0.741,家庭安防,鹿客掌静脉门锁 Lite 与 TP-LINK2K 看家摄像头 Pro 在家庭安防场景中互补，适合作为搭配推荐。
33,38,COMPLEMENTS,0.876,老人看护,Aqara烟雾报警器 Plus 与 TP-LINK2K 看家摄像头 Pro 在老人看护场景中互补，适合作为搭配推荐。
33,45,COMPLEMENTS,0.738,老人看护,绿米烟雾报警器 Max 与 TP-LINK2K 看家摄像头 Pro 在老人看护场景中互补，适合作为搭配推荐。
34,2,COMPLEMENTS,0.724,家庭安防,小米人脸识别门锁 Plus 与 乐橙门口猫眼摄像头 Lite 在家庭安防场景中互补，适合作为搭配推荐。
34,7,COMPLEMENTS,0.771,家庭安防,鹿客掌静脉门锁 Lite 与 乐橙门口猫眼摄像头 Lite 在家庭安防场景中互补，适合作为搭配推荐。
34,38,COMPLEMENTS,0.885,老人看护,Aqara烟雾报警器 Plus 与 乐橙门口猫眼摄像头 Lite 在老人看护场景中互补，适合作为搭配推荐。
34,45,COMPLEMENTS,0.782,老人看护,绿米烟雾报警器 Max 与 乐橙门口猫眼摄像头 Lite 在老人看护场景中互补，适合作为搭配推荐。
35,2,COMPLEMENTS,0.771,家庭安防,小米人脸识别门锁 Plus 与 乐橙云台摄像机 Plus 在家庭安防场景中互补，适合作为搭配推荐。
35,7,COMPLEMENTS,0.822,家庭安防,鹿客掌静脉门锁 Lite 与 乐橙云台摄像机 Plus 在家庭安防场景中互补，适合作为搭配推荐。
35,38,COMPLEMENTS,0.736,老人看护,Aqara烟雾报警器 Plus 与 乐橙云台摄像机 Plus 在老人看护场景中互补，适合作为搭配推荐。
35,45,COMPLEMENTS,0.682,老人看护,绿米烟雾报警器 Max 与 乐橙云台摄像机 Plus 在老人看护场景中互补，适合作为搭配推荐。
36,2,COMPLEMENTS,0.794,家庭安防,小米人脸识别门锁 Plus 与 乐橙双摄追踪摄像机 Plus 在家庭安防场景中互补，适合作为搭配推荐。
36,7,COMPLEMENTS,0.764,家庭安防,鹿客掌静脉门锁 Lite 与 乐橙双摄追踪摄像机 Plus 在家庭安防场景中互补，适合作为搭配推荐。
36,38,COMPLEMENTS,0.771,老人看护,Aqara烟雾报警器 Plus 与 乐橙双摄追踪摄像机 Plus 在老人看护场景中互补，适合作为搭配推荐。
36,45,COMPLEMENTS,0.762,老人看护,绿米烟雾报警器 Max 与 乐橙双摄追踪摄像机 Plus 在老人看护场景中互补，适合作为搭配推荐。
37,65,AUTOMATES,0.829,老人看护,雷士床头阅读灯 Plus 与 Aqara门窗传感器 Plus 在老人看护场景中互补，适合作为搭配推荐。
37,69,AUTOMATES,0.77,老人看护,飞利浦客厅主灯 Pro 与 Aqara门窗传感器 Plus 在老人看护场景中互补，适合作为搭配推荐。
37,293,REQUIRES_HUB,0.794,全屋智能,米家多模网关 Plus 可以作为 Aqara门窗传感器 Plus 的连接中枢，提升全屋智能联动稳定性。
37,294,REQUIRES_HUB,0.922,全屋智能,米家Matter 网关 Pro 可以作为 Aqara门窗传感器 Plus 的连接中枢，提升全屋智能联动稳定性。
37,82,AUTOMATES,0.725,节能用电,华为智选智能排插 Max 与 Aqara门窗传感器 Plus 在节能用电场景中互补，适合作为搭配推荐。
37,77,AUTOMATES,0.724,节能用电,米家WiFi 智能插座 Plus 与 Aqara门窗传感器 Plus 在节能用电场景中互补，适合作为搭配推荐。
38,65,AUTOMATES,0.803,老人看护,雷士床头阅读灯 Plus 与 Aqara烟雾报警器 Plus 在老人看护场景中互补，适合作为搭配推荐。
38,69,AUTOMATES,0.806,老人看护,飞利浦客厅主灯 Pro 与 Aqara烟雾报警器 Plus 在老人看护场景中互补，适合作为搭配推荐。
38,293,REQUIRES_HUB,0.905,全屋智能,米家多模网关 Plus 可以作为 Aqara烟雾报警器 Plus 的连接中枢，提升全屋智能联动稳定性。
38,294,REQUIRES_HUB,0.936,全屋智能,米家Matter 网关 Pro 可以作为 Aqara烟雾报警器 Plus 的连接中枢，提升全屋智能联动稳定性。
38,82,AUTOMATES,0.899,节能用电,华为智选智能排插 Max 与 Aqara烟雾报警器 Plus 在节能用电场景中互补，适合作为搭配推荐。
38,77,AUTOMATES,0.712,节能用电,米家WiFi 智能插座 Plus 与 Aqara烟雾报警器 Plus 在节能用电场景中互补，适合作为搭配推荐。
39,65,AUTOMATES,0.86,老人看护,雷士床头阅读灯 Plus 与 Aqara水浸传感器 Lite 在老人看护场景中互补，适合作为搭配推荐。
39,69,AUTOMATES,0.755,老人看护,飞利浦客厅主灯 Pro 与 Aqara水浸传感器 Lite 在老人看护场景中互补，适合作为搭配推荐。
39,293,REQUIRES_HUB,0.696,全屋智能,米家多模网关 Plus 可以作为 Aqara水浸传感器 Lite 的连接中枢，提升全屋智能联动稳定性。
39,294,REQUIRES_HUB,0.891,全屋智能,米家Matter 网关 Pro 可以作为 Aqara水浸传感器 Lite 的连接中枢，提升全屋智能联动稳定性。
39,82,AUTOMATES,0.712,节能用电,华为智选智能排插 Max 与 Aqara水浸传感器 Lite 在节能用电场景中互补，适合作为搭配推荐。
39,77,AUTOMATES,0.931,节能用电,米家WiFi 智能插座 Plus 与 Aqara水浸传感器 Lite 在节能用电场景中互补，适合作为搭配推荐。
40,65,AUTOMATES,0.737,老人看护,雷士床头阅读灯 Plus 与 米家水浸传感器 Max 在老人看护场景中互补，适合作为搭配推荐。
40,69,AUTOMATES,0.834,老人看护,飞利浦客厅主灯 Pro 与 米家水浸传感器 Max 在老人看护场景中互补，适合作为搭配推荐。
40,293,REQUIRES_HUB,0.737,全屋智能,米家多模网关 Plus 可以作为 米家水浸传感器 Max 的连接中枢，提升全屋智能联动稳定性。
40,294,REQUIRES_HUB,0.772,全屋智能,米家Matter 网关 Pro 可以作为 米家水浸传感器 Max 的连接中枢，提升全屋智能联动稳定性。
40,82,AUTOMATES,0.728,节能用电,华为智选智能排插 Max 与 米家水浸传感器 Max 在节能用电场景中互补，适合作为搭配推荐。
40,77,AUTOMATES,0.732,节能用电,米家WiFi 智能插座 Plus 与 米家水浸传感器 Max 在节能用电场景中互补，适合作为搭配推荐。
41,65,AUTOMATES,0.845,老人看护,雷士床头阅读灯 Plus 与 米家烟雾报警器 Pro 在老人看护场景中互补，适合作为搭配推荐。
41,69,AUTOMATES,0.858,老人看护,飞利浦客厅主灯 Pro 与 米家烟雾报警器 Pro 在老人看护场景中互补，适合作为搭配推荐。
41,293,REQUIRES_HUB,0.741,全屋智能,米家多模网关 Plus 可以作为 米家烟雾报警器 Pro 的连接中枢，提升全屋智能联动稳定性。
41,294,REQUIRES_HUB,0.694,全屋智能,米家Matter 网关 Pro 可以作为 米家烟雾报警器 Pro 的连接中枢，提升全屋智能联动稳定性。
41,82,AUTOMATES,0.725,节能用电,华为智选智能排插 Max 与 米家烟雾报警器 Pro 在节能用电场景中互补，适合作为搭配推荐。
41,77,AUTOMATES,0.838,节能用电,米家WiFi 智能插座 Plus 与 米家烟雾报警器 Pro 在节能用电场景中互补，适合作为搭配推荐。
42,65,AUTOMATES,0.817,老人看护,雷士床头阅读灯 Plus 与 米家人体传感器 Pro 在老人看护场景中互补，适合作为搭配推荐。
42,69,AUTOMATES,0.818,老人看护,飞利浦客厅主灯 Pro 与 米家人体传感器 Pro 在老人看护场景中互补，适合作为搭配推荐。
42,293,REQUIRES_HUB,0.77,全屋智能,米家多模网关 Plus 可以作为 米家人体传感器 Pro 的连接中枢，提升全屋智能联动稳定性。
42,294,REQUIRES_HUB,0.827,全屋智能,米家Matter 网关 Pro 可以作为 米家人体传感器 Pro 的连接中枢，提升全屋智能联动稳定性。
42,82,AUTOMATES,0.771,节能用电,华为智选智能排插 Max 与 米家人体传感器 Pro 在节能用电场景中互补，适合作为搭配推荐。
42,77,AUTOMATES,0.771,节能用电,米家WiFi 智能插座 Plus 与 米家人体传感器 Pro 在节能用电场景中互补，适合作为搭配推荐。
43,65,AUTOMATES,0.874,老人看护,雷士床头阅读灯 Plus 与 绿米人体传感器 Plus 在老人看护场景中互补，适合作为搭配推荐。
43,69,AUTOMATES,0.682,老人看护,飞利浦客厅主灯 Pro 与 绿米人体传感器 Plus 在老人看护场景中互补，适合作为搭配推荐。
43,293,REQUIRES_HUB,0.722,全屋智能,米家多模网关 Plus 可以作为 绿米人体传感器 Plus 的连接中枢，提升全屋智能联动稳定性。
43,294,REQUIRES_HUB,0.798,全屋智能,米家Matter 网关 Pro 可以作为 绿米人体传感器 Plus 的连接中枢，提升全屋智能联动稳定性。
43,82,AUTOMATES,0.939,节能用电,华为智选智能排插 Max 与 绿米人体传感器 Plus 在节能用电场景中互补，适合作为搭配推荐。
43,77,AUTOMATES,0.802,节能用电,米家WiFi 智能插座 Plus 与 绿米人体传感器 Plus 在节能用电场景中互补，适合作为搭配推荐。
44,65,AUTOMATES,0.821,老人看护,雷士床头阅读灯 Plus 与 绿米燃气报警器 Max 在老人看护场景中互补，适合作为搭配推荐。
44,69,AUTOMATES,0.757,老人看护,飞利浦客厅主灯 Pro 与 绿米燃气报警器 Max 在老人看护场景中互补，适合作为搭配推荐。
44,293,REQUIRES_HUB,0.925,全屋智能,米家多模网关 Plus 可以作为 绿米燃气报警器 Max 的连接中枢，提升全屋智能联动稳定性。
44,294,REQUIRES_HUB,0.933,全屋智能,米家Matter 网关 Pro 可以作为 绿米燃气报警器 Max 的连接中枢，提升全屋智能联动稳定性。
44,82,AUTOMATES,0.914,节能用电,华为智选智能排插 Max 与 绿米燃气报警器 Max 在节能用电场景中互补，适合作为搭配推荐。
44,77,AUTOMATES,0.726,节能用电,米家WiFi 智能插座 Plus 与 绿米燃气报警器 Max 在节能用电场景中互补，适合作为搭配推荐。
45,65,AUTOMATES,0.892,老人看护,雷士床头阅读灯 Plus 与 绿米烟雾报警器 Max 在老人看护场景中互补，适合作为搭配推荐。
45,69,AUTOMATES,0.728,老人看护,飞利浦客厅主灯 Pro 与 绿米烟雾报警器 Max 在老人看护场景中互补，适合作为搭配推荐。
45,293,REQUIRES_HUB,0.697,全屋智能,米家多模网关 Plus 可以作为 绿米烟雾报警器 Max 的连接中枢，提升全屋智能联动稳定性。
45,294,REQUIRES_HUB,0.932,全屋智能,米家Matter 网关 Pro 可以作为 绿米烟雾报警器 Max 的连接中枢，提升全屋智能联动稳定性。
45,82,AUTOMATES,0.905,节能用电,华为智选智能排插 Max 与 绿米烟雾报警器 Max 在节能用电场景中互补，适合作为搭配推荐。
45,77,AUTOMATES,0.778,节能用电,米家WiFi 智能插座 Plus 与 绿米烟雾报警器 Max 在节能用电场景中互补，适合作为搭配推荐。
46,65,AUTOMATES,0.722,老人看护,雷士床头阅读灯 Plus 与 海康威视燃气报警器 Lite 在老人看护场景中互补，适合作为搭配推荐。
46,69,AUTOMATES,0.839,老人看护,飞利浦客厅主灯 Pro 与 海康威视燃气报警器 Lite 在老人看护场景中互补，适合作为搭配推荐。
46,293,REQUIRES_HUB,0.778,全屋智能,米家多模网关 Plus 可以作为 海康威视燃气报警器 Lite 的连接中枢，提升全屋智能联动稳定性。
46,294,REQUIRES_HUB,0.901,全屋智能,米家Matter 网关 Pro 可以作为 海康威视燃气报警器 Lite 的连接中枢，提升全屋智能联动稳定性。
46,82,AUTOMATES,0.852,节能用电,华为智选智能排插 Max 与 海康威视燃气报警器 Lite 在节能用电场景中互补，适合作为搭配推荐。
46,77,AUTOMATES,0.817,节能用电,米家WiFi 智能插座 Plus 与 海康威视燃气报警器 Lite 在节能用电场景中互补，适合作为搭配推荐。
47,65,AUTOMATES,0.876,老人看护,雷士床头阅读灯 Plus 与 海康威视门窗传感器 Pro 在老人看护场景中互补，适合作为搭配推荐。
47,69,AUTOMATES,0.747,老人看护,飞利浦客厅主灯 Pro 与 海康威视门窗传感器 Pro 在老人看护场景中互补，适合作为搭配推荐。
47,293,REQUIRES_HUB,0.737,全屋智能,米家多模网关 Plus 可以作为 海康威视门窗传感器 Pro 的连接中枢，提升全屋智能联动稳定性。
47,294,REQUIRES_HUB,0.826,全屋智能,米家Matter 网关 Pro 可以作为 海康威视门窗传感器 Pro 的连接中枢，提升全屋智能联动稳定性。
47,82,AUTOMATES,0.904,节能用电,华为智选智能排插 Max 与 海康威视门窗传感器 Pro 在节能用电场景中互补，适合作为搭配推荐。
47,77,AUTOMATES,0.908,节能用电,米家WiFi 智能插座 Plus 与 海康威视门窗传感器 Pro 在节能用电场景中互补，适合作为搭配推荐。
48,65,AUTOMATES,0.907,老人看护,雷士床头阅读灯 Plus 与 海康威视人体传感器 Max 在老人看护场景中互补，适合作为搭配推荐。
48,69,AUTOMATES,0.697,老人看护,飞利浦客厅主灯 Pro 与 海康威视人体传感器 Max 在老人看护场景中互补，适合作为搭配推荐。
48,293,REQUIRES_HUB,0.855,全屋智能,米家多模网关 Plus 可以作为 海康威视人体传感器 Max 的连接中枢，提升全屋智能联动稳定性。
48,294,REQUIRES_HUB,0.902,全屋智能,米家Matter 网关 Pro 可以作为 海康威视人体传感器 Max 的连接中枢，提升全屋智能联动稳定性。
48,82,AUTOMATES,0.772,节能用电,华为智选智能排插 Max 与 海康威视人体传感器 Max 在节能用电场景中互补，适合作为搭配推荐。
48,77,AUTOMATES,0.902,节能用电,米家WiFi 智能插座 Plus 与 海康威视人体传感器 Max 在节能用电场景中互补，适合作为搭配推荐。
49,65,AUTOMATES,0.859,老人看护,雷士床头阅读灯 Plus 与 涂鸦燃气报警器 Lite 在老人看护场景中互补，适合作为搭配推荐。
49,69,AUTOMATES,0.86,老人看护,飞利浦客厅主灯 Pro 与 涂鸦燃气报警器 Lite 在老人看护场景中互补，适合作为搭配推荐。
49,293,REQUIRES_HUB,0.915,全屋智能,米家多模网关 Plus 可以作为 涂鸦燃气报警器 Lite 的连接中枢，提升全屋智能联动稳定性。
49,294,REQUIRES_HUB,0.914,全屋智能,米家Matter 网关 Pro 可以作为 涂鸦燃气报警器 Lite 的连接中枢，提升全屋智能联动稳定性。
49,82,AUTOMATES,0.938,节能用电,华为智选智能排插 Max 与 涂鸦燃气报警器 Lite 在节能用电场景中互补，适合作为搭配推荐。
49,77,AUTOMATES,0.749,节能用电,米家WiFi 智能插座 Plus 与 涂鸦燃气报警器 Lite 在节能用电场景中互补，适合作为搭配推荐。
50,65,AUTOMATES,0.841,老人看护,雷士床头阅读灯 Plus 与 涂鸦烟雾报警器 Pro 在老人看护场景中互补，适合作为搭配推荐。
50,69,AUTOMATES,0.863,老人看护,飞利浦客厅主灯 Pro 与 涂鸦烟雾报警器 Pro 在老人看护场景中互补，适合作为搭配推荐。
50,293,REQUIRES_HUB,0.784,全屋智能,米家多模网关 Plus 可以作为 涂鸦烟雾报警器 Pro 的连接中枢，提升全屋智能联动稳定性。
50,294,REQUIRES_HUB,0.883,全屋智能,米家Matter 网关 Pro 可以作为 涂鸦烟雾报警器 Pro 的连接中枢，提升全屋智能联动稳定性。
50,82,AUTOMATES,0.911,节能用电,华为智选智能排插 Max 与 涂鸦烟雾报警器 Pro 在节能用电场景中互补，适合作为搭配推荐。
50,77,AUTOMATES,0.859,节能用电,米家WiFi 智能插座 Plus 与 涂鸦烟雾报警器 Pro 在节能用电场景中互补，适合作为搭配推荐。
51,65,AUTOMATES,0.904,老人看护,雷士床头阅读灯 Plus 与 涂鸦水浸传感器 Lite 在老人看护场景中互补，适合作为搭配推荐。
51,69,AUTOMATES,0.705,老人看护,飞利浦客厅主灯 Pro 与 涂鸦水浸传感器 Lite 在老人看护场景中互补，适合作为搭配推荐。
51,293,REQUIRES_HUB,0.81,全屋智能,米家多模网关 Plus 可以作为 涂鸦水浸传感器 Lite 的连接中枢，提升全屋智能联动稳定性。
51,294,REQUIRES_HUB,0.745,全屋智能,米家Matter 网关 Pro 可以作为 涂鸦水浸传感器 Lite 的连接中枢，提升全屋智能联动稳定性。
51,82,AUTOMATES,0.875,节能用电,华为智选智能排插 Max 与 涂鸦水浸传感器 Lite 在节能用电场景中互补，适合作为搭配推荐。
51,77,AUTOMATES,0.918,节能用电,米家WiFi 智能插座 Plus 与 涂鸦水浸传感器 Lite 在节能用电场景中互补，适合作为搭配推荐。
52,65,AUTOMATES,0.726,老人看护,雷士床头阅读灯 Plus 与 欧瑞博水浸传感器 Plus 在老人看护场景中互补，适合作为搭配推荐。
52,69,AUTOMATES,0.77,老人看护,飞利浦客厅主灯 Pro 与 欧瑞博水浸传感器 Plus 在老人看护场景中互补，适合作为搭配推荐。
52,293,REQUIRES_HUB,0.801,全屋智能,米家多模网关 Plus 可以作为 欧瑞博水浸传感器 Plus 的连接中枢，提升全屋智能联动稳定性。
52,294,REQUIRES_HUB,0.749,全屋智能,米家Matter 网关 Pro 可以作为 欧瑞博水浸传感器 Plus 的连接中枢，提升全屋智能联动稳定性。
52,82,AUTOMATES,0.841,节能用电,华为智选智能排插 Max 与 欧瑞博水浸传感器 Plus 在节能用电场景中互补，适合作为搭配推荐。
52,77,AUTOMATES,0.914,节能用电,米家WiFi 智能插座 Plus 与 欧瑞博水浸传感器 Plus 在节能用电场景中互补，适合作为搭配推荐。
53,65,AUTOMATES,0.837,老人看护,雷士床头阅读灯 Plus 与 欧瑞博烟雾报警器 Plus 在老人看护场景中互补，适合作为搭配推荐。
53,69,AUTOMATES,0.877,老人看护,飞利浦客厅主灯 Pro 与 欧瑞博烟雾报警器 Plus 在老人看护场景中互补，适合作为搭配推荐。
53,293,REQUIRES_HUB,0.806,全屋智能,米家多模网关 Plus 可以作为 欧瑞博烟雾报警器 Plus 的连接中枢，提升全屋智能联动稳定性。
53,294,REQUIRES_HUB,0.918,全屋智能,米家Matter 网关 Pro 可以作为 欧瑞博烟雾报警器 Plus 的连接中枢，提升全屋智能联动稳定性。
53,82,AUTOMATES,0.741,节能用电,华为智选智能排插 Max 与 欧瑞博烟雾报警器 Plus 在节能用电场景中互补，适合作为搭配推荐。
53,77,AUTOMATES,0.89,节能用电,米家WiFi 智能插座 Plus 与 欧瑞博烟雾报警器 Plus 在节能用电场景中互补，适合作为搭配推荐。
54,65,AUTOMATES,0.751,老人看护,雷士床头阅读灯 Plus 与 欧瑞博门窗传感器 Pro 在老人看护场景中互补，适合作为搭配推荐。
54,69,AUTOMATES,0.692,老人看护,飞利浦客厅主灯 Pro 与 欧瑞博门窗传感器 Pro 在老人看护场景中互补，适合作为搭配推荐。
54,293,REQUIRES_HUB,0.694,全屋智能,米家多模网关 Plus 可以作为 欧瑞博门窗传感器 Pro 的连接中枢，提升全屋智能联动稳定性。
54,294,REQUIRES_HUB,0.884,全屋智能,米家Matter 网关 Pro 可以作为 欧瑞博门窗传感器 Pro 的连接中枢，提升全屋智能联动稳定性。
54,82,AUTOMATES,0.797,节能用电,华为智选智能排插 Max 与 欧瑞博门窗传感器 Pro 在节能用电场景中互补，适合作为搭配推荐。
54,77,AUTOMATES,0.904,节能用电,米家WiFi 智能插座 Plus 与 欧瑞博门窗传感器 Pro 在节能用电场景中互补，适合作为搭配推荐。
109,65,CONTROLS,0.87,全屋智能,小米迷你音箱 Lite 可控制 雷士床头阅读灯 Plus，适合组成全屋智能语音控制方案。
109,69,CONTROLS,0.681,全屋智能,小米迷你音箱 Lite 可控制 飞利浦客厅主灯 Pro，适合组成全屋智能语音控制方案。
109,132,CONTROLS,0.711,全屋智能,小米迷你音箱 Lite 可控制 米家梦幻帘电机 Lite，适合组成全屋智能语音控制方案。
109,133,CONTROLS,0.871,全屋智能,小米迷你音箱 Lite 可控制 欧瑞博梦幻帘电机 Lite，适合组成全屋智能语音控制方案。
109,82,CONTROLS,0.91,节能用电,小米迷你音箱 Lite 可控制 华为智选智能排插 Max，适合组成节能用电语音控制方案。
109,77,CONTROLS,0.894,节能用电,小米迷你音箱 Lite 可控制 米家WiFi 智能插座 Plus，适合组成节能用电语音控制方案。
110,65,CONTROLS,0.775,全屋智能,小米屏幕音箱 Plus 可控制 雷士床头阅读灯 Plus，适合组成全屋智能语音控制方案。
110,69,CONTROLS,0.934,全屋智能,小米屏幕音箱 Plus 可控制 飞利浦客厅主灯 Pro，适合组成全屋智能语音控制方案。
110,132,CONTROLS,0.687,全屋智能,小米屏幕音箱 Plus 可控制 米家梦幻帘电机 Lite，适合组成全屋智能语音控制方案。
110,133,CONTROLS,0.78,全屋智能,小米屏幕音箱 Plus 可控制 欧瑞博梦幻帘电机 Lite，适合组成全屋智能语音控制方案。
110,82,CONTROLS,0.776,节能用电,小米屏幕音箱 Plus 可控制 华为智选智能排插 Max，适合组成节能用电语音控制方案。
110,77,CONTROLS,0.923,节能用电,小米屏幕音箱 Plus 可控制 米家WiFi 智能插座 Plus，适合组成节能用电语音控制方案。
111,65,CONTROLS,0.753,全屋智能,小米智能音箱 Lite 可控制 雷士床头阅读灯 Plus，适合组成全屋智能语音控制方案。
111,69,CONTROLS,0.818,全屋智能,小米智能音箱 Lite 可控制 飞利浦客厅主灯 Pro，适合组成全屋智能语音控制方案。
111,132,CONTROLS,0.693,全屋智能,小米智能音箱 Lite 可控制 米家梦幻帘电机 Lite，适合组成全屋智能语音控制方案。
111,133,CONTROLS,0.744,全屋智能,小米智能音箱 Lite 可控制 欧瑞博梦幻帘电机 Lite，适合组成全屋智能语音控制方案。
111,82,CONTROLS,0.712,节能用电,小米智能音箱 Lite 可控制 华为智选智能排插 Max，适合组成节能用电语音控制方案。
111,77,CONTROLS,0.831,节能用电,小米智能音箱 Lite 可控制 米家WiFi 智能插座 Plus，适合组成节能用电语音控制方案。
112,65,CONTROLS,0.743,全屋智能,华为高音质音箱 Lite 可控制 雷士床头阅读灯 Plus，适合组成全屋智能语音控制方案。
112,69,CONTROLS,0.793,全屋智能,华为高音质音箱 Lite 可控制 飞利浦客厅主灯 Pro，适合组成全屋智能语音控制方案。
112,132,CONTROLS,0.77,全屋智能,华为高音质音箱 Lite 可控制 米家梦幻帘电机 Lite，适合组成全屋智能语音控制方案。
112,133,CONTROLS,0.761,全屋智能,华为高音质音箱 Lite 可控制 欧瑞博梦幻帘电机 Lite，适合组成全屋智能语音控制方案。
112,82,CONTROLS,0.817,节能用电,华为高音质音箱 Lite 可控制 华为智选智能排插 Max，适合组成节能用电语音控制方案。
112,77,CONTROLS,0.918,节能用电,华为高音质音箱 Lite 可控制 米家WiFi 智能插座 Plus，适合组成节能用电语音控制方案。
113,65,CONTROLS,0.699,全屋智能,华为儿童学习音箱 Lite 可控制 雷士床头阅读灯 Plus，适合组成全屋智能语音控制方案。
113,69,CONTROLS,0.801,全屋智能,华为儿童学习音箱 Lite 可控制 飞利浦客厅主灯 Pro，适合组成全屋智能语音控制方案。
113,132,CONTROLS,0.933,全屋智能,华为儿童学习音箱 Lite 可控制 米家梦幻帘电机 Lite，适合组成全屋智能语音控制方案。
113,133,CONTROLS,0.805,全屋智能,华为儿童学习音箱 Lite 可控制 欧瑞博梦幻帘电机 Lite，适合组成全屋智能语音控制方案。
113,82,CONTROLS,0.746,节能用电,华为儿童学习音箱 Lite 可控制 华为智选智能排插 Max，适合组成节能用电语音控制方案。
113,77,CONTROLS,0.694,节能用电,华为儿童学习音箱 Lite 可控制 米家WiFi 智能插座 Plus，适合组成节能用电语音控制方案。
114,65,CONTROLS,0.848,全屋智能,华为屏幕音箱 Plus 可控制 雷士床头阅读灯 Plus，适合组成全屋智能语音控制方案。
114,69,CONTROLS,0.846,全屋智能,华为屏幕音箱 Plus 可控制 飞利浦客厅主灯 Pro，适合组成全屋智能语音控制方案。
114,132,CONTROLS,0.852,全屋智能,华为屏幕音箱 Plus 可控制 米家梦幻帘电机 Lite，适合组成全屋智能语音控制方案。
114,133,CONTROLS,0.763,全屋智能,华为屏幕音箱 Plus 可控制 欧瑞博梦幻帘电机 Lite，适合组成全屋智能语音控制方案。
114,82,CONTROLS,0.702,节能用电,华为屏幕音箱 Plus 可控制 华为智选智能排插 Max，适合组成节能用电语音控制方案。
114,77,CONTROLS,0.861,节能用电,华为屏幕音箱 Plus 可控制 米家WiFi 智能插座 Plus，适合组成节能用电语音控制方案。
115,65,CONTROLS,0.776,全屋智能,天猫精灵儿童学习音箱 Plus 可控制 雷士床头阅读灯 Plus，适合组成全屋智能语音控制方案。
115,69,CONTROLS,0.763,全屋智能,天猫精灵儿童学习音箱 Plus 可控制 飞利浦客厅主灯 Pro，适合组成全屋智能语音控制方案。
115,132,CONTROLS,0.722,全屋智能,天猫精灵儿童学习音箱 Plus 可控制 米家梦幻帘电机 Lite，适合组成全屋智能语音控制方案。
115,133,CONTROLS,0.815,全屋智能,天猫精灵儿童学习音箱 Plus 可控制 欧瑞博梦幻帘电机 Lite，适合组成全屋智能语音控制方案。
115,82,CONTROLS,0.779,节能用电,天猫精灵儿童学习音箱 Plus 可控制 华为智选智能排插 Max，适合组成节能用电语音控制方案。
115,77,CONTROLS,0.935,节能用电,天猫精灵儿童学习音箱 Plus 可控制 米家WiFi 智能插座 Plus，适合组成节能用电语音控制方案。
116,65,CONTROLS,0.791,全屋智能,天猫精灵智能音箱 Pro 可控制 雷士床头阅读灯 Plus，适合组成全屋智能语音控制方案。
116,69,CONTROLS,0.725,全屋智能,天猫精灵智能音箱 Pro 可控制 飞利浦客厅主灯 Pro，适合组成全屋智能语音控制方案。
116,132,CONTROLS,0.698,全屋智能,天猫精灵智能音箱 Pro 可控制 米家梦幻帘电机 Lite，适合组成全屋智能语音控制方案。
116,133,CONTROLS,0.726,全屋智能,天猫精灵智能音箱 Pro 可控制 欧瑞博梦幻帘电机 Lite，适合组成全屋智能语音控制方案。
116,82,CONTROLS,0.787,节能用电,天猫精灵智能音箱 Pro 可控制 华为智选智能排插 Max，适合组成节能用电语音控制方案。
116,77,CONTROLS,0.752,节能用电,天猫精灵智能音箱 Pro 可控制 米家WiFi 智能插座 Plus，适合组成节能用电语音控制方案。
117,65,CONTROLS,0.819,全屋智能,天猫精灵迷你音箱 Lite 可控制 雷士床头阅读灯 Plus，适合组成全屋智能语音控制方案。
117,69,CONTROLS,0.698,全屋智能,天猫精灵迷你音箱 Lite 可控制 飞利浦客厅主灯 Pro，适合组成全屋智能语音控制方案。
117,132,CONTROLS,0.921,全屋智能,天猫精灵迷你音箱 Lite 可控制 米家梦幻帘电机 Lite，适合组成全屋智能语音控制方案。
117,133,CONTROLS,0.687,全屋智能,天猫精灵迷你音箱 Lite 可控制 欧瑞博梦幻帘电机 Lite，适合组成全屋智能语音控制方案。
117,82,CONTROLS,0.72,节能用电,天猫精灵迷你音箱 Lite 可控制 华为智选智能排插 Max，适合组成节能用电语音控制方案。
117,77,CONTROLS,0.825,节能用电,天猫精灵迷你音箱 Lite 可控制 米家WiFi 智能插座 Plus，适合组成节能用电语音控制方案。
118,65,CONTROLS,0.728,全屋智能,百度屏幕音箱 Pro 可控制 雷士床头阅读灯 Plus，适合组成全屋智能语音控制方案。
118,69,CONTROLS,0.894,全屋智能,百度屏幕音箱 Pro 可控制 飞利浦客厅主灯 Pro，适合组成全屋智能语音控制方案。
118,132,CONTROLS,0.922,全屋智能,百度屏幕音箱 Pro 可控制 米家梦幻帘电机 Lite，适合组成全屋智能语音控制方案。
118,133,CONTROLS,0.774,全屋智能,百度屏幕音箱 Pro 可控制 欧瑞博梦幻帘电机 Lite，适合组成全屋智能语音控制方案。
118,82,CONTROLS,0.847,节能用电,百度屏幕音箱 Pro 可控制 华为智选智能排插 Max，适合组成节能用电语音控制方案。
118,77,CONTROLS,0.879,节能用电,百度屏幕音箱 Pro 可控制 米家WiFi 智能插座 Plus，适合组成节能用电语音控制方案。
119,65,CONTROLS,0.692,全屋智能,百度高音质音箱 Plus 可控制 雷士床头阅读灯 Plus，适合组成全屋智能语音控制方案。
119,69,CONTROLS,0.808,全屋智能,百度高音质音箱 Plus 可控制 飞利浦客厅主灯 Pro，适合组成全屋智能语音控制方案。
119,132,CONTROLS,0.804,全屋智能,百度高音质音箱 Plus 可控制 米家梦幻帘电机 Lite，适合组成全屋智能语音控制方案。
119,133,CONTROLS,0.848,全屋智能,百度高音质音箱 Plus 可控制 欧瑞博梦幻帘电机 Lite，适合组成全屋智能语音控制方案。
119,82,CONTROLS,0.916,节能用电,百度高音质音箱 Plus 可控制 华为智选智能排插 Max，适合组成节能用电语音控制方案。
119,77,CONTROLS,0.713,节能用电,百度高音质音箱 Plus 可控制 米家WiFi 智能插座 Plus，适合组成节能用电语音控制方案。
120,65,CONTROLS,0.716,全屋智能,百度儿童学习音箱 Pro 可控制 雷士床头阅读灯 Plus，适合组成全屋智能语音控制方案。
120,69,CONTROLS,0.706,全屋智能,百度儿童学习音箱 Pro 可控制 飞利浦客厅主灯 Pro，适合组成全屋智能语音控制方案。
120,132,CONTROLS,0.9,全屋智能,百度儿童学习音箱 Pro 可控制 米家梦幻帘电机 Lite，适合组成全屋智能语音控制方案。
120,133,CONTROLS,0.848,全屋智能,百度儿童学习音箱 Pro 可控制 欧瑞博梦幻帘电机 Lite，适合组成全屋智能语音控制方案。
120,82,CONTROLS,0.805,节能用电,百度儿童学习音箱 Pro 可控制 华为智选智能排插 Max，适合组成节能用电语音控制方案。
120,77,CONTROLS,0.784,节能用电,百度儿童学习音箱 Pro 可控制 米家WiFi 智能插座 Plus，适合组成节能用电语音控制方案。
121,65,CONTROLS,0.894,全屋智能,Apple屏幕音箱 Plus 可控制 雷士床头阅读灯 Plus，适合组成全屋智能语音控制方案。
121,69,CONTROLS,0.795,全屋智能,Apple屏幕音箱 Plus 可控制 飞利浦客厅主灯 Pro，适合组成全屋智能语音控制方案。
121,132,CONTROLS,0.867,全屋智能,Apple屏幕音箱 Plus 可控制 米家梦幻帘电机 Lite，适合组成全屋智能语音控制方案。
121,133,CONTROLS,0.716,全屋智能,Apple屏幕音箱 Plus 可控制 欧瑞博梦幻帘电机 Lite，适合组成全屋智能语音控制方案。
121,82,CONTROLS,0.866,节能用电,Apple屏幕音箱 Plus 可控制 华为智选智能排插 Max，适合组成节能用电语音控制方案。
121,77,CONTROLS,0.829,节能用电,Apple屏幕音箱 Plus 可控制 米家WiFi 智能插座 Plus，适合组成节能用电语音控制方案。
122,65,CONTROLS,0.831,全屋智能,Apple高音质音箱 Plus 可控制 雷士床头阅读灯 Plus，适合组成全屋智能语音控制方案。
122,69,CONTROLS,0.83,全屋智能,Apple高音质音箱 Plus 可控制 飞利浦客厅主灯 Pro，适合组成全屋智能语音控制方案。
122,132,CONTROLS,0.745,全屋智能,Apple高音质音箱 Plus 可控制 米家梦幻帘电机 Lite，适合组成全屋智能语音控制方案。
122,133,CONTROLS,0.886,全屋智能,Apple高音质音箱 Plus 可控制 欧瑞博梦幻帘电机 Lite，适合组成全屋智能语音控制方案。
122,82,CONTROLS,0.696,节能用电,Apple高音质音箱 Plus 可控制 华为智选智能排插 Max，适合组成节能用电语音控制方案。
122,77,CONTROLS,0.715,节能用电,Apple高音质音箱 Plus 可控制 米家WiFi 智能插座 Plus，适合组成节能用电语音控制方案。
123,65,CONTROLS,0.874,全屋智能,Apple智能音箱 Pro 可控制 雷士床头阅读灯 Plus，适合组成全屋智能语音控制方案。
123,69,CONTROLS,0.726,全屋智能,Apple智能音箱 Pro 可控制 飞利浦客厅主灯 Pro，适合组成全屋智能语音控制方案。
123,132,CONTROLS,0.741,全屋智能,Apple智能音箱 Pro 可控制 米家梦幻帘电机 Lite，适合组成全屋智能语音控制方案。
123,133,CONTROLS,0.763,全屋智能,Apple智能音箱 Pro 可控制 欧瑞博梦幻帘电机 Lite，适合组成全屋智能语音控制方案。
123,82,CONTROLS,0.752,节能用电,Apple智能音箱 Pro 可控制 华为智选智能排插 Max，适合组成节能用电语音控制方案。
123,77,CONTROLS,0.862,节能用电,Apple智能音箱 Pro 可控制 米家WiFi 智能插座 Plus，适合组成节能用电语音控制方案。
124,65,CONTROLS,0.924,全屋智能,小度迷你音箱 Lite 可控制 雷士床头阅读灯 Plus，适合组成全屋智能语音控制方案。
124,69,CONTROLS,0.776,全屋智能,小度迷你音箱 Lite 可控制 飞利浦客厅主灯 Pro，适合组成全屋智能语音控制方案。
124,132,CONTROLS,0.752,全屋智能,小度迷你音箱 Lite 可控制 米家梦幻帘电机 Lite，适合组成全屋智能语音控制方案。
124,133,CONTROLS,0.878,全屋智能,小度迷你音箱 Lite 可控制 欧瑞博梦幻帘电机 Lite，适合组成全屋智能语音控制方案。
124,82,CONTROLS,0.771,节能用电,小度迷你音箱 Lite 可控制 华为智选智能排插 Max，适合组成节能用电语音控制方案。
124,77,CONTROLS,0.926,节能用电,小度迷你音箱 Lite 可控制 米家WiFi 智能插座 Plus，适合组成节能用电语音控制方案。
125,65,CONTROLS,0.863,全屋智能,小度儿童学习音箱 Lite 可控制 雷士床头阅读灯 Plus，适合组成全屋智能语音控制方案。
125,69,CONTROLS,0.822,全屋智能,小度儿童学习音箱 Lite 可控制 飞利浦客厅主灯 Pro，适合组成全屋智能语音控制方案。
125,132,CONTROLS,0.73,全屋智能,小度儿童学习音箱 Lite 可控制 米家梦幻帘电机 Lite，适合组成全屋智能语音控制方案。
125,133,CONTROLS,0.843,全屋智能,小度儿童学习音箱 Lite 可控制 欧瑞博梦幻帘电机 Lite，适合组成全屋智能语音控制方案。
125,82,CONTROLS,0.707,节能用电,小度儿童学习音箱 Lite 可控制 华为智选智能排插 Max，适合组成节能用电语音控制方案。
125,77,CONTROLS,0.73,节能用电,小度儿童学习音箱 Lite 可控制 米家WiFi 智能插座 Plus，适合组成节能用电语音控制方案。
126,65,CONTROLS,0.751,全屋智能,小度屏幕音箱 Plus 可控制 雷士床头阅读灯 Plus，适合组成全屋智能语音控制方案。
126,69,CONTROLS,0.889,全屋智能,小度屏幕音箱 Plus 可控制 飞利浦客厅主灯 Pro，适合组成全屋智能语音控制方案。
126,132,CONTROLS,0.837,全屋智能,小度屏幕音箱 Plus 可控制 米家梦幻帘电机 Lite，适合组成全屋智能语音控制方案。
126,133,CONTROLS,0.927,全屋智能,小度屏幕音箱 Plus 可控制 欧瑞博梦幻帘电机 Lite，适合组成全屋智能语音控制方案。
126,82,CONTROLS,0.781,节能用电,小度屏幕音箱 Plus 可控制 华为智选智能排插 Max，适合组成节能用电语音控制方案。
126,77,CONTROLS,0.876,节能用电,小度屏幕音箱 Plus 可控制 米家WiFi 智能插座 Plus，适合组成节能用电语音控制方案。
55,95,COMPLEMENTS,0.806,全屋智能,米家场景面板 Pro 与 Yeelight护眼台灯 Pro 在全屋智能场景中互补，适合作为搭配推荐。
55,99,COMPLEMENTS,0.803,全屋智能,欧瑞博多键智能开关 Plus 与 Yeelight护眼台灯 Pro 在全屋智能场景中互补，适合作为搭配推荐。
55,114,VOICE_CONTROL,0.681,全屋智能,Yeelight护眼台灯 Pro 可控制 华为屏幕音箱 Plus，适合组成全屋智能语音控制方案。
55,116,VOICE_CONTROL,0.699,全屋智能,Yeelight护眼台灯 Pro 可控制 天猫精灵智能音箱 Pro，适合组成全屋智能语音控制方案。
56,95,COMPLEMENTS,0.844,全屋智能,米家场景面板 Pro 与 Yeelight智能筒灯 Lite 在全屋智能场景中互补，适合作为搭配推荐。
56,99,COMPLEMENTS,0.816,全屋智能,欧瑞博多键智能开关 Plus 与 Yeelight智能筒灯 Lite 在全屋智能场景中互补，适合作为搭配推荐。
56,114,VOICE_CONTROL,0.79,全屋智能,Yeelight智能筒灯 Lite 可控制 华为屏幕音箱 Plus，适合组成全屋智能语音控制方案。
56,116,VOICE_CONTROL,0.771,全屋智能,Yeelight智能筒灯 Lite 可控制 天猫精灵智能音箱 Pro，适合组成全屋智能语音控制方案。
57,95,COMPLEMENTS,0.773,全屋智能,米家场景面板 Pro 与 Yeelight智能吸顶灯 Max 在全屋智能场景中互补，适合作为搭配推荐。
57,99,COMPLEMENTS,0.86,全屋智能,欧瑞博多键智能开关 Plus 与 Yeelight智能吸顶灯 Max 在全屋智能场景中互补，适合作为搭配推荐。
57,114,VOICE_CONTROL,0.715,全屋智能,Yeelight智能吸顶灯 Max 可控制 华为屏幕音箱 Plus，适合组成全屋智能语音控制方案。
57,116,VOICE_CONTROL,0.816,全屋智能,Yeelight智能吸顶灯 Max 可控制 天猫精灵智能音箱 Pro，适合组成全屋智能语音控制方案。
58,95,COMPLEMENTS,0.737,全屋智能,米家场景面板 Pro 与 米家智能筒灯 Plus 在全屋智能场景中互补，适合作为搭配推荐。
58,99,COMPLEMENTS,0.855,全屋智能,欧瑞博多键智能开关 Plus 与 米家智能筒灯 Plus 在全屋智能场景中互补，适合作为搭配推荐。
58,114,VOICE_CONTROL,0.716,全屋智能,米家智能筒灯 Plus 可控制 华为屏幕音箱 Plus，适合组成全屋智能语音控制方案。
58,116,VOICE_CONTROL,0.858,全屋智能,米家智能筒灯 Plus 可控制 天猫精灵智能音箱 Pro，适合组成全屋智能语音控制方案。
59,95,COMPLEMENTS,0.776,全屋智能,米家场景面板 Pro 与 米家客厅主灯 Max 在全屋智能场景中互补，适合作为搭配推荐。
59,99,COMPLEMENTS,0.722,全屋智能,欧瑞博多键智能开关 Plus 与 米家客厅主灯 Max 在全屋智能场景中互补，适合作为搭配推荐。
59,114,VOICE_CONTROL,0.688,全屋智能,米家客厅主灯 Max 可控制 华为屏幕音箱 Plus，适合组成全屋智能语音控制方案。
59,116,VOICE_CONTROL,0.833,全屋智能,米家客厅主灯 Max 可控制 天猫精灵智能音箱 Pro，适合组成全屋智能语音控制方案。
60,95,COMPLEMENTS,0.697,全屋智能,米家场景面板 Pro 与 米家智能吸顶灯 Lite 在全屋智能场景中互补，适合作为搭配推荐。
60,99,COMPLEMENTS,0.739,全屋智能,欧瑞博多键智能开关 Plus 与 米家智能吸顶灯 Lite 在全屋智能场景中互补，适合作为搭配推荐。
60,114,VOICE_CONTROL,0.778,全屋智能,米家智能吸顶灯 Lite 可控制 华为屏幕音箱 Plus，适合组成全屋智能语音控制方案。
60,116,VOICE_CONTROL,0.801,全屋智能,米家智能吸顶灯 Lite 可控制 天猫精灵智能音箱 Pro，适合组成全屋智能语音控制方案。
61,95,COMPLEMENTS,0.7,全屋智能,米家场景面板 Pro 与 欧普床头阅读灯 Lite 在全屋智能场景中互补，适合作为搭配推荐。
61,99,COMPLEMENTS,0.825,全屋智能,欧瑞博多键智能开关 Plus 与 欧普床头阅读灯 Lite 在全屋智能场景中互补，适合作为搭配推荐。
61,114,VOICE_CONTROL,0.89,全屋智能,欧普床头阅读灯 Lite 可控制 华为屏幕音箱 Plus，适合组成全屋智能语音控制方案。
61,116,VOICE_CONTROL,0.766,全屋智能,欧普床头阅读灯 Lite 可控制 天猫精灵智能音箱 Pro，适合组成全屋智能语音控制方案。
62,95,COMPLEMENTS,0.81,全屋智能,米家场景面板 Pro 与 欧普护眼台灯 Plus 在全屋智能场景中互补，适合作为搭配推荐。
62,99,COMPLEMENTS,0.915,全屋智能,欧瑞博多键智能开关 Plus 与 欧普护眼台灯 Plus 在全屋智能场景中互补，适合作为搭配推荐。
62,114,VOICE_CONTROL,0.77,全屋智能,欧普护眼台灯 Plus 可控制 华为屏幕音箱 Plus，适合组成全屋智能语音控制方案。
62,116,VOICE_CONTROL,0.867,全屋智能,欧普护眼台灯 Plus 可控制 天猫精灵智能音箱 Pro，适合组成全屋智能语音控制方案。
63,95,COMPLEMENTS,0.731,全屋智能,米家场景面板 Pro 与 欧普氛围灯带 Plus 在全屋智能场景中互补，适合作为搭配推荐。
63,99,COMPLEMENTS,0.804,全屋智能,欧瑞博多键智能开关 Plus 与 欧普氛围灯带 Plus 在全屋智能场景中互补，适合作为搭配推荐。
63,114,VOICE_CONTROL,0.866,全屋智能,欧普氛围灯带 Plus 可控制 华为屏幕音箱 Plus，适合组成全屋智能语音控制方案。
63,116,VOICE_CONTROL,0.917,全屋智能,欧普氛围灯带 Plus 可控制 天猫精灵智能音箱 Pro，适合组成全屋智能语音控制方案。
64,95,COMPLEMENTS,0.764,全屋智能,米家场景面板 Pro 与 雷士氛围灯带 Pro 在全屋智能场景中互补，适合作为搭配推荐。
64,99,COMPLEMENTS,0.87,全屋智能,欧瑞博多键智能开关 Plus 与 雷士氛围灯带 Pro 在全屋智能场景中互补，适合作为搭配推荐。
64,114,VOICE_CONTROL,0.762,全屋智能,雷士氛围灯带 Pro 可控制 华为屏幕音箱 Plus，适合组成全屋智能语音控制方案。
64,116,VOICE_CONTROL,0.699,全屋智能,雷士氛围灯带 Pro 可控制 天猫精灵智能音箱 Pro，适合组成全屋智能语音控制方案。
65,95,COMPLEMENTS,0.773,全屋智能,米家场景面板 Pro 与 雷士床头阅读灯 Plus 在全屋智能场景中互补，适合作为搭配推荐。
65,99,COMPLEMENTS,0.836,全屋智能,欧瑞博多键智能开关 Plus 与 雷士床头阅读灯 Plus 在全屋智能场景中互补，适合作为搭配推荐。
65,114,VOICE_CONTROL,0.786,全屋智能,雷士床头阅读灯 Plus 可控制 华为屏幕音箱 Plus，适合组成全屋智能语音控制方案。
65,116,VOICE_CONTROL,0.751,全屋智能,雷士床头阅读灯 Plus 可控制 天猫精灵智能音箱 Pro，适合组成全屋智能语音控制方案。
66,95,COMPLEMENTS,0.723,全屋智能,米家场景面板 Pro 与 雷士智能吸顶灯 Plus 在全屋智能场景中互补，适合作为搭配推荐。
66,99,COMPLEMENTS,0.911,全屋智能,欧瑞博多键智能开关 Plus 与 雷士智能吸顶灯 Plus 在全屋智能场景中互补，适合作为搭配推荐。
66,114,VOICE_CONTROL,0.687,全屋智能,雷士智能吸顶灯 Plus 可控制 华为屏幕音箱 Plus，适合组成全屋智能语音控制方案。
66,116,VOICE_CONTROL,0.8,全屋智能,雷士智能吸顶灯 Plus 可控制 天猫精灵智能音箱 Pro，适合组成全屋智能语音控制方案。
67,95,COMPLEMENTS,0.721,全屋智能,米家场景面板 Pro 与 飞利浦氛围灯带 Plus 在全屋智能场景中互补，适合作为搭配推荐。
67,99,COMPLEMENTS,0.874,全屋智能,欧瑞博多键智能开关 Plus 与 飞利浦氛围灯带 Plus 在全屋智能场景中互补，适合作为搭配推荐。
67,114,VOICE_CONTROL,0.916,全屋智能,飞利浦氛围灯带 Plus 可控制 华为屏幕音箱 Plus，适合组成全屋智能语音控制方案。
67,116,VOICE_CONTROL,0.846,全屋智能,飞利浦氛围灯带 Plus 可控制 天猫精灵智能音箱 Pro，适合组成全屋智能语音控制方案。
68,95,COMPLEMENTS,0.817,全屋智能,米家场景面板 Pro 与 飞利浦床头阅读灯 Max 在全屋智能场景中互补，适合作为搭配推荐。
68,99,COMPLEMENTS,0.696,全屋智能,欧瑞博多键智能开关 Plus 与 飞利浦床头阅读灯 Max 在全屋智能场景中互补，适合作为搭配推荐。
68,114,VOICE_CONTROL,0.823,全屋智能,飞利浦床头阅读灯 Max 可控制 华为屏幕音箱 Plus，适合组成全屋智能语音控制方案。
68,116,VOICE_CONTROL,0.747,全屋智能,飞利浦床头阅读灯 Max 可控制 天猫精灵智能音箱 Pro，适合组成全屋智能语音控制方案。
69,95,COMPLEMENTS,0.806,全屋智能,米家场景面板 Pro 与 飞利浦客厅主灯 Pro 在全屋智能场景中互补，适合作为搭配推荐。
69,99,COMPLEMENTS,0.845,全屋智能,欧瑞博多键智能开关 Plus 与 飞利浦客厅主灯 Pro 在全屋智能场景中互补，适合作为搭配推荐。
69,114,VOICE_CONTROL,0.748,全屋智能,飞利浦客厅主灯 Pro 可控制 华为屏幕音箱 Plus，适合组成全屋智能语音控制方案。
69,116,VOICE_CONTROL,0.934,全屋智能,飞利浦客厅主灯 Pro 可控制 天猫精灵智能音箱 Pro，适合组成全屋智能语音控制方案。
70,95,COMPLEMENTS,0.731,全屋智能,米家场景面板 Pro 与 Aqara客厅主灯 Lite 在全屋智能场景中互补，适合作为搭配推荐。
70,99,COMPLEMENTS,0.914,全屋智能,欧瑞博多键智能开关 Plus 与 Aqara客厅主灯 Lite 在全屋智能场景中互补，适合作为搭配推荐。
70,114,VOICE_CONTROL,0.795,全屋智能,Aqara客厅主灯 Lite 可控制 华为屏幕音箱 Plus，适合组成全屋智能语音控制方案。
70,116,VOICE_CONTROL,0.688,全屋智能,Aqara客厅主灯 Lite 可控制 天猫精灵智能音箱 Pro，适合组成全屋智能语音控制方案。
71,95,COMPLEMENTS,0.819,全屋智能,米家场景面板 Pro 与 Aqara床头阅读灯 Plus 在全屋智能场景中互补，适合作为搭配推荐。
71,99,COMPLEMENTS,0.693,全屋智能,欧瑞博多键智能开关 Plus 与 Aqara床头阅读灯 Plus 在全屋智能场景中互补，适合作为搭配推荐。
71,114,VOICE_CONTROL,0.902,全屋智能,Aqara床头阅读灯 Plus 可控制 华为屏幕音箱 Plus，适合组成全屋智能语音控制方案。
71,116,VOICE_CONTROL,0.682,全屋智能,Aqara床头阅读灯 Plus 可控制 天猫精灵智能音箱 Pro，适合组成全屋智能语音控制方案。
72,95,COMPLEMENTS,0.824,全屋智能,米家场景面板 Pro 与 Aqara智能筒灯 Plus 在全屋智能场景中互补，适合作为搭配推荐。
72,99,COMPLEMENTS,0.849,全屋智能,欧瑞博多键智能开关 Plus 与 Aqara智能筒灯 Plus 在全屋智能场景中互补，适合作为搭配推荐。
72,114,VOICE_CONTROL,0.762,全屋智能,Aqara智能筒灯 Plus 可控制 华为屏幕音箱 Plus，适合组成全屋智能语音控制方案。
72,116,VOICE_CONTROL,0.764,全屋智能,Aqara智能筒灯 Plus 可控制 天猫精灵智能音箱 Pro，适合组成全屋智能语音控制方案。
145,175,COMPLEMENTS,0.759,空气健康,华为智选宠物除味净化器 Max 与 科沃斯基站扫拖机器人 Lite 在空气健康场景中互补，适合作为搭配推荐。
145,167,COMPLEMENTS,0.762,空气健康,352卧室净化器 Pro 与 科沃斯基站扫拖机器人 Lite 在空气健康场景中互补，适合作为搭配推荐。
145,193,COMPLEMENTS,0.681,空气健康,352大容量加湿器 Lite 与 科沃斯基站扫拖机器人 Lite 在空气健康场景中互补，适合作为搭配推荐。
145,197,COMPLEMENTS,0.868,空气健康,华为智选无雾加湿器 Pro 与 科沃斯基站扫拖机器人 Lite 在空气健康场景中互补，适合作为搭配推荐。
146,175,COMPLEMENTS,0.908,空气健康,华为智选宠物除味净化器 Max 与 科沃斯自清洁扫拖机器人 Max 在空气健康场景中互补，适合作为搭配推荐。
146,167,COMPLEMENTS,0.848,空气健康,352卧室净化器 Pro 与 科沃斯自清洁扫拖机器人 Max 在空气健康场景中互补，适合作为搭配推荐。
146,193,COMPLEMENTS,0.894,空气健康,352大容量加湿器 Lite 与 科沃斯自清洁扫拖机器人 Max 在空气健康场景中互补，适合作为搭配推荐。
146,197,COMPLEMENTS,0.739,空气健康,华为智选无雾加湿器 Pro 与 科沃斯自清洁扫拖机器人 Max 在空气健康场景中互补，适合作为搭配推荐。
147,175,COMPLEMENTS,0.889,空气健康,华为智选宠物除味净化器 Max 与 科沃斯扫地机器人 Lite 在空气健康场景中互补，适合作为搭配推荐。
147,167,COMPLEMENTS,0.871,空气健康,352卧室净化器 Pro 与 科沃斯扫地机器人 Lite 在空气健康场景中互补，适合作为搭配推荐。
147,193,COMPLEMENTS,0.843,空气健康,352大容量加湿器 Lite 与 科沃斯扫地机器人 Lite 在空气健康场景中互补，适合作为搭配推荐。
147,197,COMPLEMENTS,0.812,空气健康,华为智选无雾加湿器 Pro 与 科沃斯扫地机器人 Lite 在空气健康场景中互补，适合作为搭配推荐。
148,175,COMPLEMENTS,0.742,空气健康,华为智选宠物除味净化器 Max 与 石头基站扫拖机器人 Pro 在空气健康场景中互补，适合作为搭配推荐。
148,167,COMPLEMENTS,0.72,空气健康,352卧室净化器 Pro 与 石头基站扫拖机器人 Pro 在空气健康场景中互补，适合作为搭配推荐。
148,193,COMPLEMENTS,0.86,空气健康,352大容量加湿器 Lite 与 石头基站扫拖机器人 Pro 在空气健康场景中互补，适合作为搭配推荐。
148,197,COMPLEMENTS,0.847,空气健康,华为智选无雾加湿器 Pro 与 石头基站扫拖机器人 Pro 在空气健康场景中互补，适合作为搭配推荐。
149,175,COMPLEMENTS,0.821,空气健康,华为智选宠物除味净化器 Max 与 石头宠物家庭清洁机器人 Max 在空气健康场景中互补，适合作为搭配推荐。
149,167,COMPLEMENTS,0.736,空气健康,352卧室净化器 Pro 与 石头宠物家庭清洁机器人 Max 在空气健康场景中互补，适合作为搭配推荐。
149,193,COMPLEMENTS,0.915,空气健康,352大容量加湿器 Lite 与 石头宠物家庭清洁机器人 Max 在空气健康场景中互补，适合作为搭配推荐。
149,197,COMPLEMENTS,0.724,空气健康,华为智选无雾加湿器 Pro 与 石头宠物家庭清洁机器人 Max 在空气健康场景中互补，适合作为搭配推荐。
150,175,COMPLEMENTS,0.886,空气健康,华为智选宠物除味净化器 Max 与 石头擦窗机器人 Plus 在空气健康场景中互补，适合作为搭配推荐。
150,167,COMPLEMENTS,0.855,空气健康,352卧室净化器 Pro 与 石头擦窗机器人 Plus 在空气健康场景中互补，适合作为搭配推荐。
150,193,COMPLEMENTS,0.896,空气健康,352大容量加湿器 Lite 与 石头擦窗机器人 Plus 在空气健康场景中互补，适合作为搭配推荐。
150,197,COMPLEMENTS,0.728,空气健康,华为智选无雾加湿器 Pro 与 石头擦窗机器人 Plus 在空气健康场景中互补，适合作为搭配推荐。
151,175,COMPLEMENTS,0.895,空气健康,华为智选宠物除味净化器 Max 与 追觅宠物家庭清洁机器人 Plus 在空气健康场景中互补，适合作为搭配推荐。
151,167,COMPLEMENTS,0.709,空气健康,352卧室净化器 Pro 与 追觅宠物家庭清洁机器人 Plus 在空气健康场景中互补，适合作为搭配推荐。
151,193,COMPLEMENTS,0.808,空气健康,352大容量加湿器 Lite 与 追觅宠物家庭清洁机器人 Plus 在空气健康场景中互补，适合作为搭配推荐。
151,197,COMPLEMENTS,0.692,空气健康,华为智选无雾加湿器 Pro 与 追觅宠物家庭清洁机器人 Plus 在空气健康场景中互补，适合作为搭配推荐。
152,175,COMPLEMENTS,0.718,空气健康,华为智选宠物除味净化器 Max 与 追觅洗地机 Plus 在空气健康场景中互补，适合作为搭配推荐。
152,167,COMPLEMENTS,0.83,空气健康,352卧室净化器 Pro 与 追觅洗地机 Plus 在空气健康场景中互补，适合作为搭配推荐。
152,193,COMPLEMENTS,0.736,空气健康,352大容量加湿器 Lite 与 追觅洗地机 Plus 在空气健康场景中互补，适合作为搭配推荐。
152,197,COMPLEMENTS,0.937,空气健康,华为智选无雾加湿器 Pro 与 追觅洗地机 Plus 在空气健康场景中互补，适合作为搭配推荐。
153,175,COMPLEMENTS,0.868,空气健康,华为智选宠物除味净化器 Max 与 追觅扫地机器人 Plus 在空气健康场景中互补，适合作为搭配推荐。
153,167,COMPLEMENTS,0.759,空气健康,352卧室净化器 Pro 与 追觅扫地机器人 Plus 在空气健康场景中互补，适合作为搭配推荐。
153,193,COMPLEMENTS,0.746,空气健康,352大容量加湿器 Lite 与 追觅扫地机器人 Plus 在空气健康场景中互补，适合作为搭配推荐。
153,197,COMPLEMENTS,0.692,空气健康,华为智选无雾加湿器 Pro 与 追觅扫地机器人 Plus 在空气健康场景中互补，适合作为搭配推荐。
154,175,COMPLEMENTS,0.85,空气健康,华为智选宠物除味净化器 Max 与 米家洗地机 Max 在空气健康场景中互补，适合作为搭配推荐。
154,167,COMPLEMENTS,0.9,空气健康,352卧室净化器 Pro 与 米家洗地机 Max 在空气健康场景中互补，适合作为搭配推荐。
154,193,COMPLEMENTS,0.907,空气健康,352大容量加湿器 Lite 与 米家洗地机 Max 在空气健康场景中互补，适合作为搭配推荐。
154,197,COMPLEMENTS,0.915,空气健康,华为智选无雾加湿器 Pro 与 米家洗地机 Max 在空气健康场景中互补，适合作为搭配推荐。
155,175,COMPLEMENTS,0.928,空气健康,华为智选宠物除味净化器 Max 与 米家宠物家庭清洁机器人 Max 在空气健康场景中互补，适合作为搭配推荐。
155,167,COMPLEMENTS,0.917,空气健康,352卧室净化器 Pro 与 米家宠物家庭清洁机器人 Max 在空气健康场景中互补，适合作为搭配推荐。
155,193,COMPLEMENTS,0.884,空气健康,352大容量加湿器 Lite 与 米家宠物家庭清洁机器人 Max 在空气健康场景中互补，适合作为搭配推荐。
155,197,COMPLEMENTS,0.85,空气健康,华为智选无雾加湿器 Pro 与 米家宠物家庭清洁机器人 Max 在空气健康场景中互补，适合作为搭配推荐。
156,175,COMPLEMENTS,0.825,空气健康,华为智选宠物除味净化器 Max 与 米家自清洁扫拖机器人 Lite 在空气健康场景中互补，适合作为搭配推荐。
156,167,COMPLEMENTS,0.851,空气健康,352卧室净化器 Pro 与 米家自清洁扫拖机器人 Lite 在空气健康场景中互补，适合作为搭配推荐。
156,193,COMPLEMENTS,0.796,空气健康,352大容量加湿器 Lite 与 米家自清洁扫拖机器人 Lite 在空气健康场景中互补，适合作为搭配推荐。
156,197,COMPLEMENTS,0.825,空气健康,华为智选无雾加湿器 Pro 与 米家自清洁扫拖机器人 Lite 在空气健康场景中互补，适合作为搭配推荐。
157,175,COMPLEMENTS,0.77,空气健康,华为智选宠物除味净化器 Max 与 云鲸洗地机 Plus 在空气健康场景中互补，适合作为搭配推荐。
157,167,COMPLEMENTS,0.916,空气健康,352卧室净化器 Pro 与 云鲸洗地机 Plus 在空气健康场景中互补，适合作为搭配推荐。
157,193,COMPLEMENTS,0.931,空气健康,352大容量加湿器 Lite 与 云鲸洗地机 Plus 在空气健康场景中互补，适合作为搭配推荐。
157,197,COMPLEMENTS,0.901,空气健康,华为智选无雾加湿器 Pro 与 云鲸洗地机 Plus 在空气健康场景中互补，适合作为搭配推荐。
158,175,COMPLEMENTS,0.917,空气健康,华为智选宠物除味净化器 Max 与 云鲸自清洁扫拖机器人 Lite 在空气健康场景中互补，适合作为搭配推荐。
158,167,COMPLEMENTS,0.852,空气健康,352卧室净化器 Pro 与 云鲸自清洁扫拖机器人 Lite 在空气健康场景中互补，适合作为搭配推荐。
158,193,COMPLEMENTS,0.801,空气健康,352大容量加湿器 Lite 与 云鲸自清洁扫拖机器人 Lite 在空气健康场景中互补，适合作为搭配推荐。
158,197,COMPLEMENTS,0.819,空气健康,华为智选无雾加湿器 Pro 与 云鲸自清洁扫拖机器人 Lite 在空气健康场景中互补，适合作为搭配推荐。
159,175,COMPLEMENTS,0.754,空气健康,华为智选宠物除味净化器 Max 与 云鲸基站扫拖机器人 Plus 在空气健康场景中互补，适合作为搭配推荐。
159,167,COMPLEMENTS,0.694,空气健康,352卧室净化器 Pro 与 云鲸基站扫拖机器人 Plus 在空气健康场景中互补，适合作为搭配推荐。
159,193,COMPLEMENTS,0.759,空气健康,352大容量加湿器 Lite 与 云鲸基站扫拖机器人 Plus 在空气健康场景中互补，适合作为搭配推荐。
159,197,COMPLEMENTS,0.725,空气健康,华为智选无雾加湿器 Pro 与 云鲸基站扫拖机器人 Plus 在空气健康场景中互补，适合作为搭配推荐。
160,175,COMPLEMENTS,0.906,空气健康,华为智选宠物除味净化器 Max 与 添可自清洁扫拖机器人 Plus 在空气健康场景中互补，适合作为搭配推荐。
160,167,COMPLEMENTS,0.875,空气健康,352卧室净化器 Pro 与 添可自清洁扫拖机器人 Plus 在空气健康场景中互补，适合作为搭配推荐。
160,193,COMPLEMENTS,0.897,空气健康,352大容量加湿器 Lite 与 添可自清洁扫拖机器人 Plus 在空气健康场景中互补，适合作为搭配推荐。
160,197,COMPLEMENTS,0.914,空气健康,华为智选无雾加湿器 Pro 与 添可自清洁扫拖机器人 Plus 在空气健康场景中互补，适合作为搭配推荐。
161,175,COMPLEMENTS,0.808,空气健康,华为智选宠物除味净化器 Max 与 添可扫地机器人 Plus 在空气健康场景中互补，适合作为搭配推荐。
161,167,COMPLEMENTS,0.824,空气健康,352卧室净化器 Pro 与 添可扫地机器人 Plus 在空气健康场景中互补，适合作为搭配推荐。
161,193,COMPLEMENTS,0.926,空气健康,352大容量加湿器 Lite 与 添可扫地机器人 Plus 在空气健康场景中互补，适合作为搭配推荐。
161,197,COMPLEMENTS,0.714,空气健康,华为智选无雾加湿器 Pro 与 添可扫地机器人 Plus 在空气健康场景中互补，适合作为搭配推荐。
162,175,COMPLEMENTS,0.741,空气健康,华为智选宠物除味净化器 Max 与 添可宠物家庭清洁机器人 Plus 在空气健康场景中互补，适合作为搭配推荐。
162,167,COMPLEMENTS,0.727,空气健康,352卧室净化器 Pro 与 添可宠物家庭清洁机器人 Plus 在空气健康场景中互补，适合作为搭配推荐。
162,193,COMPLEMENTS,0.684,空气健康,352大容量加湿器 Lite 与 添可宠物家庭清洁机器人 Plus 在空气健康场景中互补，适合作为搭配推荐。
162,197,COMPLEMENTS,0.728,空气健康,华为智选无雾加湿器 Pro 与 添可宠物家庭清洁机器人 Plus 在空气健康场景中互补，适合作为搭配推荐。
163,193,COMPLEMENTS,0.712,空气健康,352大容量加湿器 Lite 与 小米除甲醛净化器 Lite 在空气健康场景中互补，适合作为搭配推荐。
163,197,COMPLEMENTS,0.781,空气健康,华为智选无雾加湿器 Pro 与 小米除甲醛净化器 Lite 在空气健康场景中互补，适合作为搭配推荐。
163,211,COMPLEMENTS,0.779,空气健康,小米一级能效空调 Lite 与 小米除甲醛净化器 Lite 在空气健康场景中互补，适合作为搭配推荐。
163,200,COMPLEMENTS,0.76,空气健康,美的儿童房空调 Lite 与 小米除甲醛净化器 Lite 在空气健康场景中互补，适合作为搭配推荐。
164,193,COMPLEMENTS,0.895,空气健康,352大容量加湿器 Lite 与 小米母婴净化器 Plus 在空气健康场景中互补，适合作为搭配推荐。
164,197,COMPLEMENTS,0.696,空气健康,华为智选无雾加湿器 Pro 与 小米母婴净化器 Plus 在空气健康场景中互补，适合作为搭配推荐。
164,211,COMPLEMENTS,0.685,空气健康,小米一级能效空调 Lite 与 小米母婴净化器 Plus 在空气健康场景中互补，适合作为搭配推荐。
164,200,COMPLEMENTS,0.824,空气健康,美的儿童房空调 Lite 与 小米母婴净化器 Plus 在空气健康场景中互补，适合作为搭配推荐。
165,193,COMPLEMENTS,0.877,空气健康,352大容量加湿器 Lite 与 小米宠物除味净化器 Pro 在空气健康场景中互补，适合作为搭配推荐。
165,197,COMPLEMENTS,0.839,空气健康,华为智选无雾加湿器 Pro 与 小米宠物除味净化器 Pro 在空气健康场景中互补，适合作为搭配推荐。
165,211,COMPLEMENTS,0.741,空气健康,小米一级能效空调 Lite 与 小米宠物除味净化器 Pro 在空气健康场景中互补，适合作为搭配推荐。
165,200,COMPLEMENTS,0.756,空气健康,美的儿童房空调 Lite 与 小米宠物除味净化器 Pro 在空气健康场景中互补，适合作为搭配推荐。
166,193,COMPLEMENTS,0.732,空气健康,352大容量加湿器 Lite 与 352宠物除味净化器 Max 在空气健康场景中互补，适合作为搭配推荐。
166,197,COMPLEMENTS,0.805,空气健康,华为智选无雾加湿器 Pro 与 352宠物除味净化器 Max 在空气健康场景中互补，适合作为搭配推荐。
166,211,COMPLEMENTS,0.794,空气健康,小米一级能效空调 Lite 与 352宠物除味净化器 Max 在空气健康场景中互补，适合作为搭配推荐。
166,200,COMPLEMENTS,0.739,空气健康,美的儿童房空调 Lite 与 352宠物除味净化器 Max 在空气健康场景中互补，适合作为搭配推荐。
167,193,COMPLEMENTS,0.804,空气健康,352大容量加湿器 Lite 与 352卧室净化器 Pro 在空气健康场景中互补，适合作为搭配推荐。
167,197,COMPLEMENTS,0.926,空气健康,华为智选无雾加湿器 Pro 与 352卧室净化器 Pro 在空气健康场景中互补，适合作为搭配推荐。
167,211,COMPLEMENTS,0.826,空气健康,小米一级能效空调 Lite 与 352卧室净化器 Pro 在空气健康场景中互补，适合作为搭配推荐。
167,200,COMPLEMENTS,0.74,空气健康,美的儿童房空调 Lite 与 352卧室净化器 Pro 在空气健康场景中互补，适合作为搭配推荐。
168,193,COMPLEMENTS,0.83,空气健康,352大容量加湿器 Lite 与 352除甲醛净化器 Pro 在空气健康场景中互补，适合作为搭配推荐。
168,197,COMPLEMENTS,0.834,空气健康,华为智选无雾加湿器 Pro 与 352除甲醛净化器 Pro 在空气健康场景中互补，适合作为搭配推荐。
168,211,COMPLEMENTS,0.796,空气健康,小米一级能效空调 Lite 与 352除甲醛净化器 Pro 在空气健康场景中互补，适合作为搭配推荐。
168,200,COMPLEMENTS,0.723,空气健康,美的儿童房空调 Lite 与 352除甲醛净化器 Pro 在空气健康场景中互补，适合作为搭配推荐。
169,193,COMPLEMENTS,0.848,空气健康,352大容量加湿器 Lite 与 飞利浦卧室净化器 Pro 在空气健康场景中互补，适合作为搭配推荐。
169,197,COMPLEMENTS,0.781,空气健康,华为智选无雾加湿器 Pro 与 飞利浦卧室净化器 Pro 在空气健康场景中互补，适合作为搭配推荐。
169,211,COMPLEMENTS,0.718,空气健康,小米一级能效空调 Lite 与 飞利浦卧室净化器 Pro 在空气健康场景中互补，适合作为搭配推荐。
169,200,COMPLEMENTS,0.877,空气健康,美的儿童房空调 Lite 与 飞利浦卧室净化器 Pro 在空气健康场景中互补，适合作为搭配推荐。
170,193,COMPLEMENTS,0.787,空气健康,352大容量加湿器 Lite 与 飞利浦除甲醛净化器 Pro 在空气健康场景中互补，适合作为搭配推荐。
170,197,COMPLEMENTS,0.851,空气健康,华为智选无雾加湿器 Pro 与 飞利浦除甲醛净化器 Pro 在空气健康场景中互补，适合作为搭配推荐。
170,211,COMPLEMENTS,0.807,空气健康,小米一级能效空调 Lite 与 飞利浦除甲醛净化器 Pro 在空气健康场景中互补，适合作为搭配推荐。
170,200,COMPLEMENTS,0.881,空气健康,美的儿童房空调 Lite 与 飞利浦除甲醛净化器 Pro 在空气健康场景中互补，适合作为搭配推荐。
171,193,COMPLEMENTS,0.733,空气健康,352大容量加湿器 Lite 与 飞利浦大空间净化器 Plus 在空气健康场景中互补，适合作为搭配推荐。
171,197,COMPLEMENTS,0.853,空气健康,华为智选无雾加湿器 Pro 与 飞利浦大空间净化器 Plus 在空气健康场景中互补，适合作为搭配推荐。
171,211,COMPLEMENTS,0.791,空气健康,小米一级能效空调 Lite 与 飞利浦大空间净化器 Plus 在空气健康场景中互补，适合作为搭配推荐。
171,200,COMPLEMENTS,0.682,空气健康,美的儿童房空调 Lite 与 飞利浦大空间净化器 Plus 在空气健康场景中互补，适合作为搭配推荐。
172,193,COMPLEMENTS,0.728,空气健康,352大容量加湿器 Lite 与 布鲁雅尔大空间净化器 Plus 在空气健康场景中互补，适合作为搭配推荐。
172,197,COMPLEMENTS,0.878,空气健康,华为智选无雾加湿器 Pro 与 布鲁雅尔大空间净化器 Plus 在空气健康场景中互补，适合作为搭配推荐。
172,211,COMPLEMENTS,0.913,空气健康,小米一级能效空调 Lite 与 布鲁雅尔大空间净化器 Plus 在空气健康场景中互补，适合作为搭配推荐。
172,200,COMPLEMENTS,0.873,空气健康,美的儿童房空调 Lite 与 布鲁雅尔大空间净化器 Plus 在空气健康场景中互补，适合作为搭配推荐。
173,193,COMPLEMENTS,0.745,空气健康,352大容量加湿器 Lite 与 布鲁雅尔空气净化器 Plus 在空气健康场景中互补，适合作为搭配推荐。
173,197,COMPLEMENTS,0.699,空气健康,华为智选无雾加湿器 Pro 与 布鲁雅尔空气净化器 Plus 在空气健康场景中互补，适合作为搭配推荐。
173,211,COMPLEMENTS,0.706,空气健康,小米一级能效空调 Lite 与 布鲁雅尔空气净化器 Plus 在空气健康场景中互补，适合作为搭配推荐。
173,200,COMPLEMENTS,0.765,空气健康,美的儿童房空调 Lite 与 布鲁雅尔空气净化器 Plus 在空气健康场景中互补，适合作为搭配推荐。
174,193,COMPLEMENTS,0.756,空气健康,352大容量加湿器 Lite 与 布鲁雅尔宠物除味净化器 Lite 在空气健康场景中互补，适合作为搭配推荐。
174,197,COMPLEMENTS,0.841,空气健康,华为智选无雾加湿器 Pro 与 布鲁雅尔宠物除味净化器 Lite 在空气健康场景中互补，适合作为搭配推荐。
174,211,COMPLEMENTS,0.786,空气健康,小米一级能效空调 Lite 与 布鲁雅尔宠物除味净化器 Lite 在空气健康场景中互补，适合作为搭配推荐。
174,200,COMPLEMENTS,0.783,空气健康,美的儿童房空调 Lite 与 布鲁雅尔宠物除味净化器 Lite 在空气健康场景中互补，适合作为搭配推荐。
175,193,COMPLEMENTS,0.793,空气健康,352大容量加湿器 Lite 与 华为智选宠物除味净化器 Max 在空气健康场景中互补，适合作为搭配推荐。
175,197,COMPLEMENTS,0.901,空气健康,华为智选无雾加湿器 Pro 与 华为智选宠物除味净化器 Max 在空气健康场景中互补，适合作为搭配推荐。
175,211,COMPLEMENTS,0.7,空气健康,小米一级能效空调 Lite 与 华为智选宠物除味净化器 Max 在空气健康场景中互补，适合作为搭配推荐。
175,200,COMPLEMENTS,0.707,空气健康,美的儿童房空调 Lite 与 华为智选宠物除味净化器 Max 在空气健康场景中互补，适合作为搭配推荐。
176,193,COMPLEMENTS,0.686,空气健康,352大容量加湿器 Lite 与 华为智选空气净化器 Lite 在空气健康场景中互补，适合作为搭配推荐。
176,197,COMPLEMENTS,0.74,空气健康,华为智选无雾加湿器 Pro 与 华为智选空气净化器 Lite 在空气健康场景中互补，适合作为搭配推荐。
176,211,COMPLEMENTS,0.932,空气健康,小米一级能效空调 Lite 与 华为智选空气净化器 Lite 在空气健康场景中互补，适合作为搭配推荐。
176,200,COMPLEMENTS,0.867,空气健康,美的儿童房空调 Lite 与 华为智选空气净化器 Lite 在空气健康场景中互补，适合作为搭配推荐。
177,193,COMPLEMENTS,0.759,空气健康,352大容量加湿器 Lite 与 华为智选除甲醛净化器 Plus 在空气健康场景中互补，适合作为搭配推荐。
177,197,COMPLEMENTS,0.796,空气健康,华为智选无雾加湿器 Pro 与 华为智选除甲醛净化器 Plus 在空气健康场景中互补，适合作为搭配推荐。
177,211,COMPLEMENTS,0.764,空气健康,小米一级能效空调 Lite 与 华为智选除甲醛净化器 Plus 在空气健康场景中互补，适合作为搭配推荐。
177,200,COMPLEMENTS,0.756,空气健康,美的儿童房空调 Lite 与 华为智选除甲醛净化器 Plus 在空气健康场景中互补，适合作为搭配推荐。
178,193,COMPLEMENTS,0.824,空气健康,352大容量加湿器 Lite 与 美的卧室净化器 Pro 在空气健康场景中互补，适合作为搭配推荐。
178,197,COMPLEMENTS,0.928,空气健康,华为智选无雾加湿器 Pro 与 美的卧室净化器 Pro 在空气健康场景中互补，适合作为搭配推荐。
178,211,COMPLEMENTS,0.733,空气健康,小米一级能效空调 Lite 与 美的卧室净化器 Pro 在空气健康场景中互补，适合作为搭配推荐。
178,200,COMPLEMENTS,0.914,空气健康,美的儿童房空调 Lite 与 美的卧室净化器 Pro 在空气健康场景中互补，适合作为搭配推荐。
179,193,COMPLEMENTS,0.854,空气健康,352大容量加湿器 Lite 与 美的空气净化器 Pro 在空气健康场景中互补，适合作为搭配推荐。
179,197,COMPLEMENTS,0.853,空气健康,华为智选无雾加湿器 Pro 与 美的空气净化器 Pro 在空气健康场景中互补，适合作为搭配推荐。
179,211,COMPLEMENTS,0.909,空气健康,小米一级能效空调 Lite 与 美的空气净化器 Pro 在空气健康场景中互补，适合作为搭配推荐。
179,200,COMPLEMENTS,0.894,空气健康,美的儿童房空调 Lite 与 美的空气净化器 Pro 在空气健康场景中互补，适合作为搭配推荐。
180,193,COMPLEMENTS,0.762,空气健康,352大容量加湿器 Lite 与 美的除甲醛净化器 Plus 在空气健康场景中互补，适合作为搭配推荐。
180,197,COMPLEMENTS,0.852,空气健康,华为智选无雾加湿器 Pro 与 美的除甲醛净化器 Plus 在空气健康场景中互补，适合作为搭配推荐。
180,211,COMPLEMENTS,0.918,空气健康,小米一级能效空调 Lite 与 美的除甲醛净化器 Plus 在空气健康场景中互补，适合作为搭配推荐。
180,200,COMPLEMENTS,0.792,空气健康,美的儿童房空调 Lite 与 美的除甲醛净化器 Plus 在空气健康场景中互补，适合作为搭配推荐。
199,82,ENERGY_PAIR,0.938,节能用电,华为智选智能排插 Max 与 美的智能挂机空调 Lite 在节能用电场景中互补，适合作为搭配推荐。
199,77,ENERGY_PAIR,0.719,节能用电,米家WiFi 智能插座 Plus 与 美的智能挂机空调 Lite 在节能用电场景中互补，适合作为搭配推荐。
199,175,COMPLEMENTS,0.839,空气健康,华为智选宠物除味净化器 Max 与 美的智能挂机空调 Lite 在空气健康场景中互补，适合作为搭配推荐。
199,167,COMPLEMENTS,0.724,空气健康,352卧室净化器 Pro 与 美的智能挂机空调 Lite 在空气健康场景中互补，适合作为搭配推荐。
200,82,ENERGY_PAIR,0.927,节能用电,华为智选智能排插 Max 与 美的儿童房空调 Lite 在节能用电场景中互补，适合作为搭配推荐。
200,77,ENERGY_PAIR,0.699,节能用电,米家WiFi 智能插座 Plus 与 美的儿童房空调 Lite 在节能用电场景中互补，适合作为搭配推荐。
200,175,COMPLEMENTS,0.78,空气健康,华为智选宠物除味净化器 Max 与 美的儿童房空调 Lite 在空气健康场景中互补，适合作为搭配推荐。
200,167,COMPLEMENTS,0.72,空气健康,352卧室净化器 Pro 与 美的儿童房空调 Lite 在空气健康场景中互补，适合作为搭配推荐。
201,82,ENERGY_PAIR,0.83,节能用电,华为智选智能排插 Max 与 美的客厅立式空调 Plus 在节能用电场景中互补，适合作为搭配推荐。
201,77,ENERGY_PAIR,0.682,节能用电,米家WiFi 智能插座 Plus 与 美的客厅立式空调 Plus 在节能用电场景中互补，适合作为搭配推荐。
201,175,COMPLEMENTS,0.681,空气健康,华为智选宠物除味净化器 Max 与 美的客厅立式空调 Plus 在空气健康场景中互补，适合作为搭配推荐。
201,167,COMPLEMENTS,0.728,空气健康,352卧室净化器 Pro 与 美的客厅立式空调 Plus 在空气健康场景中互补，适合作为搭配推荐。
202,82,ENERGY_PAIR,0.773,节能用电,华为智选智能排插 Max 与 格力一级能效空调 Plus 在节能用电场景中互补，适合作为搭配推荐。
202,77,ENERGY_PAIR,0.76,节能用电,米家WiFi 智能插座 Plus 与 格力一级能效空调 Plus 在节能用电场景中互补，适合作为搭配推荐。
202,175,COMPLEMENTS,0.737,空气健康,华为智选宠物除味净化器 Max 与 格力一级能效空调 Plus 在空气健康场景中互补，适合作为搭配推荐。
202,167,COMPLEMENTS,0.825,空气健康,352卧室净化器 Pro 与 格力一级能效空调 Plus 在空气健康场景中互补，适合作为搭配推荐。
203,82,ENERGY_PAIR,0.926,节能用电,华为智选智能排插 Max 与 格力新风空调 Pro 在节能用电场景中互补，适合作为搭配推荐。
203,77,ENERGY_PAIR,0.706,节能用电,米家WiFi 智能插座 Plus 与 格力新风空调 Pro 在节能用电场景中互补，适合作为搭配推荐。
203,175,COMPLEMENTS,0.824,空气健康,华为智选宠物除味净化器 Max 与 格力新风空调 Pro 在空气健康场景中互补，适合作为搭配推荐。
203,167,COMPLEMENTS,0.769,空气健康,352卧室净化器 Pro 与 格力新风空调 Pro 在空气健康场景中互补，适合作为搭配推荐。
204,82,ENERGY_PAIR,0.709,节能用电,华为智选智能排插 Max 与 格力客厅立式空调 Lite 在节能用电场景中互补，适合作为搭配推荐。
204,77,ENERGY_PAIR,0.79,节能用电,米家WiFi 智能插座 Plus 与 格力客厅立式空调 Lite 在节能用电场景中互补，适合作为搭配推荐。
204,175,COMPLEMENTS,0.707,空气健康,华为智选宠物除味净化器 Max 与 格力客厅立式空调 Lite 在空气健康场景中互补，适合作为搭配推荐。
204,167,COMPLEMENTS,0.938,空气健康,352卧室净化器 Pro 与 格力客厅立式空调 Lite 在空气健康场景中互补，适合作为搭配推荐。
205,82,ENERGY_PAIR,0.833,节能用电,华为智选智能排插 Max 与 海尔一级能效空调 Lite 在节能用电场景中互补，适合作为搭配推荐。
205,77,ENERGY_PAIR,0.791,节能用电,米家WiFi 智能插座 Plus 与 海尔一级能效空调 Lite 在节能用电场景中互补，适合作为搭配推荐。
205,175,COMPLEMENTS,0.721,空气健康,华为智选宠物除味净化器 Max 与 海尔一级能效空调 Lite 在空气健康场景中互补，适合作为搭配推荐。
205,167,COMPLEMENTS,0.71,空气健康,352卧室净化器 Pro 与 海尔一级能效空调 Lite 在空气健康场景中互补，适合作为搭配推荐。
206,82,ENERGY_PAIR,0.684,节能用电,华为智选智能排插 Max 与 海尔卧室空调 Plus 在节能用电场景中互补，适合作为搭配推荐。
206,77,ENERGY_PAIR,0.816,节能用电,米家WiFi 智能插座 Plus 与 海尔卧室空调 Plus 在节能用电场景中互补，适合作为搭配推荐。
206,175,COMPLEMENTS,0.763,空气健康,华为智选宠物除味净化器 Max 与 海尔卧室空调 Plus 在空气健康场景中互补，适合作为搭配推荐。
206,167,COMPLEMENTS,0.704,空气健康,352卧室净化器 Pro 与 海尔卧室空调 Plus 在空气健康场景中互补，适合作为搭配推荐。
207,82,ENERGY_PAIR,0.721,节能用电,华为智选智能排插 Max 与 海尔儿童房空调 Max 在节能用电场景中互补，适合作为搭配推荐。
207,77,ENERGY_PAIR,0.924,节能用电,米家WiFi 智能插座 Plus 与 海尔儿童房空调 Max 在节能用电场景中互补，适合作为搭配推荐。
207,175,COMPLEMENTS,0.69,空气健康,华为智选宠物除味净化器 Max 与 海尔儿童房空调 Max 在空气健康场景中互补，适合作为搭配推荐。
207,167,COMPLEMENTS,0.851,空气健康,352卧室净化器 Pro 与 海尔儿童房空调 Max 在空气健康场景中互补，适合作为搭配推荐。
208,82,ENERGY_PAIR,0.801,节能用电,华为智选智能排插 Max 与 华为智选智能挂机空调 Max 在节能用电场景中互补，适合作为搭配推荐。
208,77,ENERGY_PAIR,0.74,节能用电,米家WiFi 智能插座 Plus 与 华为智选智能挂机空调 Max 在节能用电场景中互补，适合作为搭配推荐。
208,175,COMPLEMENTS,0.745,空气健康,华为智选宠物除味净化器 Max 与 华为智选智能挂机空调 Max 在空气健康场景中互补，适合作为搭配推荐。
208,167,COMPLEMENTS,0.868,空气健康,352卧室净化器 Pro 与 华为智选智能挂机空调 Max 在空气健康场景中互补，适合作为搭配推荐。
209,82,ENERGY_PAIR,0.919,节能用电,华为智选智能排插 Max 与 华为智选客厅立式空调 Max 在节能用电场景中互补，适合作为搭配推荐。
209,77,ENERGY_PAIR,0.77,节能用电,米家WiFi 智能插座 Plus 与 华为智选客厅立式空调 Max 在节能用电场景中互补，适合作为搭配推荐。
209,175,COMPLEMENTS,0.842,空气健康,华为智选宠物除味净化器 Max 与 华为智选客厅立式空调 Max 在空气健康场景中互补，适合作为搭配推荐。
209,167,COMPLEMENTS,0.807,空气健康,352卧室净化器 Pro 与 华为智选客厅立式空调 Max 在空气健康场景中互补，适合作为搭配推荐。
210,82,ENERGY_PAIR,0.883,节能用电,华为智选智能排插 Max 与 华为智选一级能效空调 Pro 在节能用电场景中互补，适合作为搭配推荐。
210,77,ENERGY_PAIR,0.718,节能用电,米家WiFi 智能插座 Plus 与 华为智选一级能效空调 Pro 在节能用电场景中互补，适合作为搭配推荐。
210,175,COMPLEMENTS,0.816,空气健康,华为智选宠物除味净化器 Max 与 华为智选一级能效空调 Pro 在空气健康场景中互补，适合作为搭配推荐。
210,167,COMPLEMENTS,0.845,空气健康,352卧室净化器 Pro 与 华为智选一级能效空调 Pro 在空气健康场景中互补，适合作为搭配推荐。
211,82,ENERGY_PAIR,0.717,节能用电,华为智选智能排插 Max 与 小米一级能效空调 Lite 在节能用电场景中互补，适合作为搭配推荐。
211,77,ENERGY_PAIR,0.707,节能用电,米家WiFi 智能插座 Plus 与 小米一级能效空调 Lite 在节能用电场景中互补，适合作为搭配推荐。
211,175,COMPLEMENTS,0.814,空气健康,华为智选宠物除味净化器 Max 与 小米一级能效空调 Lite 在空气健康场景中互补，适合作为搭配推荐。
211,167,COMPLEMENTS,0.769,空气健康,352卧室净化器 Pro 与 小米一级能效空调 Lite 在空气健康场景中互补，适合作为搭配推荐。
212,82,ENERGY_PAIR,0.811,节能用电,华为智选智能排插 Max 与 小米卧室空调 Lite 在节能用电场景中互补，适合作为搭配推荐。
212,77,ENERGY_PAIR,0.777,节能用电,米家WiFi 智能插座 Plus 与 小米卧室空调 Lite 在节能用电场景中互补，适合作为搭配推荐。
212,175,COMPLEMENTS,0.889,空气健康,华为智选宠物除味净化器 Max 与 小米卧室空调 Lite 在空气健康场景中互补，适合作为搭配推荐。
212,167,COMPLEMENTS,0.718,空气健康,352卧室净化器 Pro 与 小米卧室空调 Lite 在空气健康场景中互补，适合作为搭配推荐。
213,82,ENERGY_PAIR,0.783,节能用电,华为智选智能排插 Max 与 小米儿童房空调 Plus 在节能用电场景中互补，适合作为搭配推荐。
213,77,ENERGY_PAIR,0.885,节能用电,米家WiFi 智能插座 Plus 与 小米儿童房空调 Plus 在节能用电场景中互补，适合作为搭配推荐。
213,175,COMPLEMENTS,0.721,空气健康,华为智选宠物除味净化器 Max 与 小米儿童房空调 Plus 在空气健康场景中互补，适合作为搭配推荐。
213,167,COMPLEMENTS,0.728,空气健康,352卧室净化器 Pro 与 小米儿童房空调 Plus 在空气健康场景中互补，适合作为搭配推荐。
214,82,ENERGY_PAIR,0.901,节能用电,华为智选智能排插 Max 与 TCL一级能效空调 Pro 在节能用电场景中互补，适合作为搭配推荐。
214,77,ENERGY_PAIR,0.685,节能用电,米家WiFi 智能插座 Plus 与 TCL一级能效空调 Pro 在节能用电场景中互补，适合作为搭配推荐。
214,175,COMPLEMENTS,0.7,空气健康,华为智选宠物除味净化器 Max 与 TCL一级能效空调 Pro 在空气健康场景中互补，适合作为搭配推荐。
214,167,COMPLEMENTS,0.838,空气健康,352卧室净化器 Pro 与 TCL一级能效空调 Pro 在空气健康场景中互补，适合作为搭配推荐。
215,82,ENERGY_PAIR,0.853,节能用电,华为智选智能排插 Max 与 TCL新风空调 Plus 在节能用电场景中互补，适合作为搭配推荐。
215,77,ENERGY_PAIR,0.682,节能用电,米家WiFi 智能插座 Plus 与 TCL新风空调 Plus 在节能用电场景中互补，适合作为搭配推荐。
215,175,COMPLEMENTS,0.839,空气健康,华为智选宠物除味净化器 Max 与 TCL新风空调 Plus 在空气健康场景中互补，适合作为搭配推荐。
215,167,COMPLEMENTS,0.809,空气健康,352卧室净化器 Pro 与 TCL新风空调 Plus 在空气健康场景中互补，适合作为搭配推荐。
216,82,ENERGY_PAIR,0.912,节能用电,华为智选智能排插 Max 与 TCL客厅立式空调 Lite 在节能用电场景中互补，适合作为搭配推荐。
216,77,ENERGY_PAIR,0.931,节能用电,米家WiFi 智能插座 Plus 与 TCL客厅立式空调 Lite 在节能用电场景中互补，适合作为搭配推荐。
216,175,COMPLEMENTS,0.735,空气健康,华为智选宠物除味净化器 Max 与 TCL客厅立式空调 Lite 在空气健康场景中互补，适合作为搭配推荐。
216,167,COMPLEMENTS,0.882,空气健康,352卧室净化器 Pro 与 TCL客厅立式空调 Lite 在空气健康场景中互补，适合作为搭配推荐。
217,82,SAFETY_PAIR,0.854,智能厨房,华为智选智能排插 Max 与 美的智能烟灶套装 Lite 在智能厨房场景中互补，适合作为搭配推荐。
217,77,SAFETY_PAIR,0.843,智能厨房,米家WiFi 智能插座 Plus 与 美的智能烟灶套装 Lite 在智能厨房场景中互补，适合作为搭配推荐。
217,241,SCENE_MATCH,0.851,智能厨房,容声对开门冰箱 Max 与 美的智能烟灶套装 Lite 在智能厨房场景中互补，适合作为搭配推荐。
217,242,SCENE_MATCH,0.87,智能厨房,容声保鲜冰箱 Plus 与 美的智能烟灶套装 Lite 在智能厨房场景中互补，适合作为搭配推荐。
218,82,SAFETY_PAIR,0.725,智能厨房,华为智选智能排插 Max 与 美的破壁机 Pro 在智能厨房场景中互补，适合作为搭配推荐。
218,77,SAFETY_PAIR,0.925,智能厨房,米家WiFi 智能插座 Plus 与 美的破壁机 Pro 在智能厨房场景中互补，适合作为搭配推荐。
218,241,SCENE_MATCH,0.778,智能厨房,容声对开门冰箱 Max 与 美的破壁机 Pro 在智能厨房场景中互补，适合作为搭配推荐。
218,242,SCENE_MATCH,0.801,智能厨房,容声保鲜冰箱 Plus 与 美的破壁机 Pro 在智能厨房场景中互补，适合作为搭配推荐。
219,82,SAFETY_PAIR,0.69,智能厨房,华为智选智能排插 Max 与 美的空气炸锅 Lite 在智能厨房场景中互补，适合作为搭配推荐。
219,77,SAFETY_PAIR,0.795,智能厨房,米家WiFi 智能插座 Plus 与 美的空气炸锅 Lite 在智能厨房场景中互补，适合作为搭配推荐。
219,241,SCENE_MATCH,0.825,智能厨房,容声对开门冰箱 Max 与 美的空气炸锅 Lite 在智能厨房场景中互补，适合作为搭配推荐。
219,242,SCENE_MATCH,0.782,智能厨房,容声保鲜冰箱 Plus 与 美的空气炸锅 Lite 在智能厨房场景中互补，适合作为搭配推荐。
220,82,SAFETY_PAIR,0.919,智能厨房,华为智选智能排插 Max 与 苏泊尔智能烟灶套装 Lite 在智能厨房场景中互补，适合作为搭配推荐。
220,77,SAFETY_PAIR,0.926,智能厨房,米家WiFi 智能插座 Plus 与 苏泊尔智能烟灶套装 Lite 在智能厨房场景中互补，适合作为搭配推荐。
220,241,SCENE_MATCH,0.742,智能厨房,容声对开门冰箱 Max 与 苏泊尔智能烟灶套装 Lite 在智能厨房场景中互补，适合作为搭配推荐。
220,242,SCENE_MATCH,0.917,智能厨房,容声保鲜冰箱 Plus 与 苏泊尔智能烟灶套装 Lite 在智能厨房场景中互补，适合作为搭配推荐。
221,82,SAFETY_PAIR,0.855,智能厨房,华为智选智能排插 Max 与 苏泊尔空气炸锅 Max 在智能厨房场景中互补，适合作为搭配推荐。
221,77,SAFETY_PAIR,0.738,智能厨房,米家WiFi 智能插座 Plus 与 苏泊尔空气炸锅 Max 在智能厨房场景中互补，适合作为搭配推荐。
221,241,SCENE_MATCH,0.695,智能厨房,容声对开门冰箱 Max 与 苏泊尔空气炸锅 Max 在智能厨房场景中互补，适合作为搭配推荐。
221,242,SCENE_MATCH,0.853,智能厨房,容声保鲜冰箱 Plus 与 苏泊尔空气炸锅 Max 在智能厨房场景中互补，适合作为搭配推荐。
222,82,SAFETY_PAIR,0.938,智能厨房,华为智选智能排插 Max 与 苏泊尔洗碗机 Lite 在智能厨房场景中互补，适合作为搭配推荐。
222,77,SAFETY_PAIR,0.793,智能厨房,米家WiFi 智能插座 Plus 与 苏泊尔洗碗机 Lite 在智能厨房场景中互补，适合作为搭配推荐。
222,241,SCENE_MATCH,0.842,智能厨房,容声对开门冰箱 Max 与 苏泊尔洗碗机 Lite 在智能厨房场景中互补，适合作为搭配推荐。
222,242,SCENE_MATCH,0.912,智能厨房,容声保鲜冰箱 Plus 与 苏泊尔洗碗机 Lite 在智能厨房场景中互补，适合作为搭配推荐。
223,82,SAFETY_PAIR,0.839,智能厨房,华为智选智能排插 Max 与 九阳洗碗机 Plus 在智能厨房场景中互补，适合作为搭配推荐。
223,77,SAFETY_PAIR,0.685,智能厨房,米家WiFi 智能插座 Plus 与 九阳洗碗机 Plus 在智能厨房场景中互补，适合作为搭配推荐。
223,241,SCENE_MATCH,0.796,智能厨房,容声对开门冰箱 Max 与 九阳洗碗机 Plus 在智能厨房场景中互补，适合作为搭配推荐。
223,242,SCENE_MATCH,0.863,智能厨房,容声保鲜冰箱 Plus 与 九阳洗碗机 Plus 在智能厨房场景中互补，适合作为搭配推荐。
224,82,SAFETY_PAIR,0.866,智能厨房,华为智选智能排插 Max 与 九阳智能烟灶套装 Max 在智能厨房场景中互补，适合作为搭配推荐。
224,77,SAFETY_PAIR,0.882,智能厨房,米家WiFi 智能插座 Plus 与 九阳智能烟灶套装 Max 在智能厨房场景中互补，适合作为搭配推荐。
224,241,SCENE_MATCH,0.809,智能厨房,容声对开门冰箱 Max 与 九阳智能烟灶套装 Max 在智能厨房场景中互补，适合作为搭配推荐。
224,242,SCENE_MATCH,0.724,智能厨房,容声保鲜冰箱 Plus 与 九阳智能烟灶套装 Max 在智能厨房场景中互补，适合作为搭配推荐。
225,82,SAFETY_PAIR,0.862,智能厨房,华为智选智能排插 Max 与 九阳破壁机 Plus 在智能厨房场景中互补，适合作为搭配推荐。
225,77,SAFETY_PAIR,0.926,智能厨房,米家WiFi 智能插座 Plus 与 九阳破壁机 Plus 在智能厨房场景中互补，适合作为搭配推荐。
225,241,SCENE_MATCH,0.722,智能厨房,容声对开门冰箱 Max 与 九阳破壁机 Plus 在智能厨房场景中互补，适合作为搭配推荐。
225,242,SCENE_MATCH,0.687,智能厨房,容声保鲜冰箱 Plus 与 九阳破壁机 Plus 在智能厨房场景中互补，适合作为搭配推荐。
226,82,SAFETY_PAIR,0.855,智能厨房,华为智选智能排插 Max 与 米家空气炸锅 Pro 在智能厨房场景中互补，适合作为搭配推荐。
226,77,SAFETY_PAIR,0.87,智能厨房,米家WiFi 智能插座 Plus 与 米家空气炸锅 Pro 在智能厨房场景中互补，适合作为搭配推荐。
226,241,SCENE_MATCH,0.727,智能厨房,容声对开门冰箱 Max 与 米家空气炸锅 Pro 在智能厨房场景中互补，适合作为搭配推荐。
226,242,SCENE_MATCH,0.813,智能厨房,容声保鲜冰箱 Plus 与 米家空气炸锅 Pro 在智能厨房场景中互补，适合作为搭配推荐。
227,82,SAFETY_PAIR,0.75,智能厨房,华为智选智能排插 Max 与 米家洗碗机 Max 在智能厨房场景中互补，适合作为搭配推荐。
227,77,SAFETY_PAIR,0.869,智能厨房,米家WiFi 智能插座 Plus 与 米家洗碗机 Max 在智能厨房场景中互补，适合作为搭配推荐。
227,241,SCENE_MATCH,0.799,智能厨房,容声对开门冰箱 Max 与 米家洗碗机 Max 在智能厨房场景中互补，适合作为搭配推荐。
227,242,SCENE_MATCH,0.684,智能厨房,容声保鲜冰箱 Plus 与 米家洗碗机 Max 在智能厨房场景中互补，适合作为搭配推荐。
228,82,SAFETY_PAIR,0.707,智能厨房,华为智选智能排插 Max 与 米家智能电饭煲 Pro 在智能厨房场景中互补，适合作为搭配推荐。
228,77,SAFETY_PAIR,0.833,智能厨房,米家WiFi 智能插座 Plus 与 米家智能电饭煲 Pro 在智能厨房场景中互补，适合作为搭配推荐。
228,241,SCENE_MATCH,0.69,智能厨房,容声对开门冰箱 Max 与 米家智能电饭煲 Pro 在智能厨房场景中互补，适合作为搭配推荐。
228,242,SCENE_MATCH,0.831,智能厨房,容声保鲜冰箱 Plus 与 米家智能电饭煲 Pro 在智能厨房场景中互补，适合作为搭配推荐。
229,82,SAFETY_PAIR,0.881,智能厨房,华为智选智能排插 Max 与 老板智能电饭煲 Plus 在智能厨房场景中互补，适合作为搭配推荐。
229,77,SAFETY_PAIR,0.74,智能厨房,米家WiFi 智能插座 Plus 与 老板智能电饭煲 Plus 在智能厨房场景中互补，适合作为搭配推荐。
229,241,SCENE_MATCH,0.831,智能厨房,容声对开门冰箱 Max 与 老板智能电饭煲 Plus 在智能厨房场景中互补，适合作为搭配推荐。
229,242,SCENE_MATCH,0.681,智能厨房,容声保鲜冰箱 Plus 与 老板智能电饭煲 Plus 在智能厨房场景中互补，适合作为搭配推荐。
230,82,SAFETY_PAIR,0.849,智能厨房,华为智选智能排插 Max 与 老板洗碗机 Plus 在智能厨房场景中互补，适合作为搭配推荐。
230,77,SAFETY_PAIR,0.9,智能厨房,米家WiFi 智能插座 Plus 与 老板洗碗机 Plus 在智能厨房场景中互补，适合作为搭配推荐。
230,241,SCENE_MATCH,0.927,智能厨房,容声对开门冰箱 Max 与 老板洗碗机 Plus 在智能厨房场景中互补，适合作为搭配推荐。
230,242,SCENE_MATCH,0.866,智能厨房,容声保鲜冰箱 Plus 与 老板洗碗机 Plus 在智能厨房场景中互补，适合作为搭配推荐。
231,82,SAFETY_PAIR,0.682,智能厨房,华为智选智能排插 Max 与 老板破壁机 Max 在智能厨房场景中互补，适合作为搭配推荐。
231,77,SAFETY_PAIR,0.797,智能厨房,米家WiFi 智能插座 Plus 与 老板破壁机 Max 在智能厨房场景中互补，适合作为搭配推荐。
231,241,SCENE_MATCH,0.853,智能厨房,容声对开门冰箱 Max 与 老板破壁机 Max 在智能厨房场景中互补，适合作为搭配推荐。
231,242,SCENE_MATCH,0.931,智能厨房,容声保鲜冰箱 Plus 与 老板破壁机 Max 在智能厨房场景中互补，适合作为搭配推荐。
232,82,SAFETY_PAIR,0.818,智能厨房,华为智选智能排插 Max 与 方太智能电饭煲 Pro 在智能厨房场景中互补，适合作为搭配推荐。
232,77,SAFETY_PAIR,0.868,智能厨房,米家WiFi 智能插座 Plus 与 方太智能电饭煲 Pro 在智能厨房场景中互补，适合作为搭配推荐。
232,241,SCENE_MATCH,0.907,智能厨房,容声对开门冰箱 Max 与 方太智能电饭煲 Pro 在智能厨房场景中互补，适合作为搭配推荐。
232,242,SCENE_MATCH,0.858,智能厨房,容声保鲜冰箱 Plus 与 方太智能电饭煲 Pro 在智能厨房场景中互补，适合作为搭配推荐。
233,82,SAFETY_PAIR,0.911,智能厨房,华为智选智能排插 Max 与 方太洗碗机 Pro 在智能厨房场景中互补，适合作为搭配推荐。
233,77,SAFETY_PAIR,0.785,智能厨房,米家WiFi 智能插座 Plus 与 方太洗碗机 Pro 在智能厨房场景中互补，适合作为搭配推荐。
233,241,SCENE_MATCH,0.748,智能厨房,容声对开门冰箱 Max 与 方太洗碗机 Pro 在智能厨房场景中互补，适合作为搭配推荐。
233,242,SCENE_MATCH,0.726,智能厨房,容声保鲜冰箱 Plus 与 方太洗碗机 Pro 在智能厨房场景中互补，适合作为搭配推荐。
234,82,SAFETY_PAIR,0.755,智能厨房,华为智选智能排插 Max 与 方太破壁机 Pro 在智能厨房场景中互补，适合作为搭配推荐。
234,77,SAFETY_PAIR,0.871,智能厨房,米家WiFi 智能插座 Plus 与 方太破壁机 Pro 在智能厨房场景中互补，适合作为搭配推荐。
234,241,SCENE_MATCH,0.855,智能厨房,容声对开门冰箱 Max 与 方太破壁机 Pro 在智能厨房场景中互补，适合作为搭配推荐。
234,242,SCENE_MATCH,0.838,智能厨房,容声保鲜冰箱 Plus 与 方太破壁机 Pro 在智能厨房场景中互补，适合作为搭配推荐。
235,233,SCENE_MATCH,0.939,健康饮食,方太洗碗机 Pro 与 海尔母婴冰箱 Pro 在健康饮食场景中互补，适合作为搭配推荐。
235,219,SCENE_MATCH,0.762,健康饮食,美的空气炸锅 Lite 与 海尔母婴冰箱 Pro 在健康饮食场景中互补，适合作为搭配推荐。
236,233,SCENE_MATCH,0.826,健康饮食,方太洗碗机 Pro 与 海尔对开门冰箱 Pro 在健康饮食场景中互补，适合作为搭配推荐。
236,219,SCENE_MATCH,0.748,健康饮食,美的空气炸锅 Lite 与 海尔对开门冰箱 Pro 在健康饮食场景中互补，适合作为搭配推荐。
237,233,SCENE_MATCH,0.766,健康饮食,方太洗碗机 Pro 与 海尔保鲜冰箱 Plus 在健康饮食场景中互补，适合作为搭配推荐。
237,219,SCENE_MATCH,0.73,健康饮食,美的空气炸锅 Lite 与 海尔保鲜冰箱 Plus 在健康饮食场景中互补，适合作为搭配推荐。
238,233,SCENE_MATCH,0.897,健康饮食,方太洗碗机 Pro 与 美的对开门冰箱 Plus 在健康饮食场景中互补，适合作为搭配推荐。
238,219,SCENE_MATCH,0.771,健康饮食,美的空气炸锅 Lite 与 美的对开门冰箱 Plus 在健康饮食场景中互补，适合作为搭配推荐。
239,233,SCENE_MATCH,0.717,健康饮食,方太洗碗机 Pro 与 美的母婴冰箱 Plus 在健康饮食场景中互补，适合作为搭配推荐。
239,219,SCENE_MATCH,0.922,健康饮食,美的空气炸锅 Lite 与 美的母婴冰箱 Plus 在健康饮食场景中互补，适合作为搭配推荐。
240,233,SCENE_MATCH,0.759,健康饮食,方太洗碗机 Pro 与 美的超薄冰箱 Plus 在健康饮食场景中互补，适合作为搭配推荐。
240,219,SCENE_MATCH,0.806,健康饮食,美的空气炸锅 Lite 与 美的超薄冰箱 Plus 在健康饮食场景中互补，适合作为搭配推荐。
241,233,SCENE_MATCH,0.905,健康饮食,方太洗碗机 Pro 与 容声对开门冰箱 Max 在健康饮食场景中互补，适合作为搭配推荐。
241,219,SCENE_MATCH,0.689,健康饮食,美的空气炸锅 Lite 与 容声对开门冰箱 Max 在健康饮食场景中互补，适合作为搭配推荐。
242,233,SCENE_MATCH,0.691,健康饮食,方太洗碗机 Pro 与 容声保鲜冰箱 Plus 在健康饮食场景中互补，适合作为搭配推荐。
242,219,SCENE_MATCH,0.817,健康饮食,美的空气炸锅 Lite 与 容声保鲜冰箱 Plus 在健康饮食场景中互补，适合作为搭配推荐。
243,233,SCENE_MATCH,0.708,健康饮食,方太洗碗机 Pro 与 容声多门智能冰箱 Plus 在健康饮食场景中互补，适合作为搭配推荐。
243,219,SCENE_MATCH,0.74,健康饮食,美的空气炸锅 Lite 与 容声多门智能冰箱 Plus 在健康饮食场景中互补，适合作为搭配推荐。
244,233,SCENE_MATCH,0.932,健康饮食,方太洗碗机 Pro 与 TCL母婴冰箱 Plus 在健康饮食场景中互补，适合作为搭配推荐。
244,219,SCENE_MATCH,0.868,健康饮食,美的空气炸锅 Lite 与 TCL母婴冰箱 Plus 在健康饮食场景中互补，适合作为搭配推荐。
245,233,SCENE_MATCH,0.817,健康饮食,方太洗碗机 Pro 与 TCL对开门冰箱 Lite 在健康饮食场景中互补，适合作为搭配推荐。
245,219,SCENE_MATCH,0.923,健康饮食,美的空气炸锅 Lite 与 TCL对开门冰箱 Lite 在健康饮食场景中互补，适合作为搭配推荐。
246,233,SCENE_MATCH,0.891,健康饮食,方太洗碗机 Pro 与 TCL多门智能冰箱 Max 在健康饮食场景中互补，适合作为搭配推荐。
246,219,SCENE_MATCH,0.93,健康饮食,美的空气炸锅 Lite 与 TCL多门智能冰箱 Max 在健康饮食场景中互补，适合作为搭配推荐。
247,233,SCENE_MATCH,0.76,健康饮食,方太洗碗机 Pro 与 米家超薄冰箱 Plus 在健康饮食场景中互补，适合作为搭配推荐。
247,219,SCENE_MATCH,0.774,健康饮食,美的空气炸锅 Lite 与 米家超薄冰箱 Plus 在健康饮食场景中互补，适合作为搭配推荐。
248,233,SCENE_MATCH,0.709,健康饮食,方太洗碗机 Pro 与 米家母婴冰箱 Max 在健康饮食场景中互补，适合作为搭配推荐。
248,219,SCENE_MATCH,0.699,健康饮食,美的空气炸锅 Lite 与 米家母婴冰箱 Max 在健康饮食场景中互补，适合作为搭配推荐。
249,233,SCENE_MATCH,0.901,健康饮食,方太洗碗机 Pro 与 米家对开门冰箱 Lite 在健康饮食场景中互补，适合作为搭配推荐。
249,219,SCENE_MATCH,0.82,健康饮食,美的空气炸锅 Lite 与 米家对开门冰箱 Lite 在健康饮食场景中互补，适合作为搭配推荐。
250,233,SCENE_MATCH,0.823,健康饮食,方太洗碗机 Pro 与 卡萨帝多门智能冰箱 Lite 在健康饮食场景中互补，适合作为搭配推荐。
250,219,SCENE_MATCH,0.773,健康饮食,美的空气炸锅 Lite 与 卡萨帝多门智能冰箱 Lite 在健康饮食场景中互补，适合作为搭配推荐。
251,233,SCENE_MATCH,0.721,健康饮食,方太洗碗机 Pro 与 卡萨帝对开门冰箱 Pro 在健康饮食场景中互补，适合作为搭配推荐。
251,219,SCENE_MATCH,0.834,健康饮食,美的空气炸锅 Lite 与 卡萨帝对开门冰箱 Pro 在健康饮食场景中互补，适合作为搭配推荐。
252,233,SCENE_MATCH,0.716,健康饮食,方太洗碗机 Pro 与 卡萨帝嵌入式冰箱 Plus 在健康饮食场景中互补，适合作为搭配推荐。
252,219,SCENE_MATCH,0.902,健康饮食,美的空气炸锅 Lite 与 卡萨帝嵌入式冰箱 Plus 在健康饮食场景中互补，适合作为搭配推荐。
253,287,COMPLEMENTS,0.824,衣物护理,盼盼母婴晾衣架 Lite 与 小天鹅分区洗衣机 Max 在衣物护理场景中互补，适合作为搭配推荐。
253,280,COMPLEMENTS,0.905,衣物护理,Aqara烘干晾衣架 Lite 与 小天鹅分区洗衣机 Max 在衣物护理场景中互补，适合作为搭配推荐。
254,287,COMPLEMENTS,0.706,衣物护理,盼盼母婴晾衣架 Lite 与 小天鹅洗烘一体机 Pro 在衣物护理场景中互补，适合作为搭配推荐。
254,280,COMPLEMENTS,0.734,衣物护理,Aqara烘干晾衣架 Lite 与 小天鹅洗烘一体机 Pro 在衣物护理场景中互补，适合作为搭配推荐。
255,287,COMPLEMENTS,0.746,衣物护理,盼盼母婴晾衣架 Lite 与 小天鹅内衣洗衣机 Pro 在衣物护理场景中互补，适合作为搭配推荐。
255,280,COMPLEMENTS,0.76,衣物护理,Aqara烘干晾衣架 Lite 与 小天鹅内衣洗衣机 Pro 在衣物护理场景中互补，适合作为搭配推荐。
256,287,COMPLEMENTS,0.901,衣物护理,盼盼母婴晾衣架 Lite 与 海尔分区洗衣机 Plus 在衣物护理场景中互补，适合作为搭配推荐。
256,280,COMPLEMENTS,0.687,衣物护理,Aqara烘干晾衣架 Lite 与 海尔分区洗衣机 Plus 在衣物护理场景中互补，适合作为搭配推荐。
257,287,COMPLEMENTS,0.772,衣物护理,盼盼母婴晾衣架 Lite 与 海尔滚筒洗衣机 Max 在衣物护理场景中互补，适合作为搭配推荐。
257,280,COMPLEMENTS,0.892,衣物护理,Aqara烘干晾衣架 Lite 与 海尔滚筒洗衣机 Max 在衣物护理场景中互补，适合作为搭配推荐。
258,287,COMPLEMENTS,0.711,衣物护理,盼盼母婴晾衣架 Lite 与 海尔热泵洗烘套装 Lite 在衣物护理场景中互补，适合作为搭配推荐。
258,280,COMPLEMENTS,0.937,衣物护理,Aqara烘干晾衣架 Lite 与 海尔热泵洗烘套装 Lite 在衣物护理场景中互补，适合作为搭配推荐。
259,287,COMPLEMENTS,0.703,衣物护理,盼盼母婴晾衣架 Lite 与 美的内衣洗衣机 Max 在衣物护理场景中互补，适合作为搭配推荐。
259,280,COMPLEMENTS,0.813,衣物护理,Aqara烘干晾衣架 Lite 与 美的内衣洗衣机 Max 在衣物护理场景中互补，适合作为搭配推荐。
260,287,COMPLEMENTS,0.787,衣物护理,盼盼母婴晾衣架 Lite 与 美的滚筒洗衣机 Plus 在衣物护理场景中互补，适合作为搭配推荐。
260,280,COMPLEMENTS,0.879,衣物护理,Aqara烘干晾衣架 Lite 与 美的滚筒洗衣机 Plus 在衣物护理场景中互补，适合作为搭配推荐。
261,287,COMPLEMENTS,0.918,衣物护理,盼盼母婴晾衣架 Lite 与 美的母婴洗衣机 Pro 在衣物护理场景中互补，适合作为搭配推荐。
261,280,COMPLEMENTS,0.899,衣物护理,Aqara烘干晾衣架 Lite 与 美的母婴洗衣机 Pro 在衣物护理场景中互补，适合作为搭配推荐。
262,287,COMPLEMENTS,0.781,衣物护理,盼盼母婴晾衣架 Lite 与 米家热泵洗烘套装 Lite 在衣物护理场景中互补，适合作为搭配推荐。
262,280,COMPLEMENTS,0.686,衣物护理,Aqara烘干晾衣架 Lite 与 米家热泵洗烘套装 Lite 在衣物护理场景中互补，适合作为搭配推荐。
263,287,COMPLEMENTS,0.754,衣物护理,盼盼母婴晾衣架 Lite 与 米家内衣洗衣机 Plus 在衣物护理场景中互补，适合作为搭配推荐。
263,280,COMPLEMENTS,0.802,衣物护理,Aqara烘干晾衣架 Lite 与 米家内衣洗衣机 Plus 在衣物护理场景中互补，适合作为搭配推荐。
264,287,COMPLEMENTS,0.697,衣物护理,盼盼母婴晾衣架 Lite 与 米家洗烘一体机 Plus 在衣物护理场景中互补，适合作为搭配推荐。
264,280,COMPLEMENTS,0.757,衣物护理,Aqara烘干晾衣架 Lite 与 米家洗烘一体机 Plus 在衣物护理场景中互补，适合作为搭配推荐。
265,287,COMPLEMENTS,0.939,衣物护理,盼盼母婴晾衣架 Lite 与 西门子滚筒洗衣机 Plus 在衣物护理场景中互补，适合作为搭配推荐。
265,280,COMPLEMENTS,0.804,衣物护理,Aqara烘干晾衣架 Lite 与 西门子滚筒洗衣机 Plus 在衣物护理场景中互补，适合作为搭配推荐。
266,287,COMPLEMENTS,0.687,衣物护理,盼盼母婴晾衣架 Lite 与 西门子分区洗衣机 Plus 在衣物护理场景中互补，适合作为搭配推荐。
266,280,COMPLEMENTS,0.696,衣物护理,Aqara烘干晾衣架 Lite 与 西门子分区洗衣机 Plus 在衣物护理场景中互补，适合作为搭配推荐。
267,287,COMPLEMENTS,0.707,衣物护理,盼盼母婴晾衣架 Lite 与 西门子内衣洗衣机 Plus 在衣物护理场景中互补，适合作为搭配推荐。
267,280,COMPLEMENTS,0.887,衣物护理,Aqara烘干晾衣架 Lite 与 西门子内衣洗衣机 Plus 在衣物护理场景中互补，适合作为搭配推荐。
268,287,COMPLEMENTS,0.771,衣物护理,盼盼母婴晾衣架 Lite 与 TCL母婴洗衣机 Lite 在衣物护理场景中互补，适合作为搭配推荐。
268,280,COMPLEMENTS,0.897,衣物护理,Aqara烘干晾衣架 Lite 与 TCL母婴洗衣机 Lite 在衣物护理场景中互补，适合作为搭配推荐。
269,287,COMPLEMENTS,0.806,衣物护理,盼盼母婴晾衣架 Lite 与 TCL分区洗衣机 Pro 在衣物护理场景中互补，适合作为搭配推荐。
269,280,COMPLEMENTS,0.924,衣物护理,Aqara烘干晾衣架 Lite 与 TCL分区洗衣机 Pro 在衣物护理场景中互补，适合作为搭配推荐。
270,287,COMPLEMENTS,0.893,衣物护理,盼盼母婴晾衣架 Lite 与 TCL热泵洗烘套装 Lite 在衣物护理场景中互补，适合作为搭配推荐。
270,280,COMPLEMENTS,0.92,衣物护理,Aqara烘干晾衣架 Lite 与 TCL热泵洗烘套装 Lite 在衣物护理场景中互补，适合作为搭配推荐。
271,256,COMPLEMENTS,0.772,衣物护理,海尔分区洗衣机 Plus 与 好太太电动晾衣架 Max 在衣物护理场景中互补，适合作为搭配推荐。
271,253,COMPLEMENTS,0.693,衣物护理,小天鹅分区洗衣机 Max 与 好太太电动晾衣架 Max 在衣物护理场景中互补，适合作为搭配推荐。
272,256,COMPLEMENTS,0.749,衣物护理,海尔分区洗衣机 Plus 与 好太太阳台晾衣机 Lite 在衣物护理场景中互补，适合作为搭配推荐。
272,253,COMPLEMENTS,0.846,衣物护理,小天鹅分区洗衣机 Max 与 好太太阳台晾衣机 Lite 在衣物护理场景中互补，适合作为搭配推荐。
273,256,COMPLEMENTS,0.721,衣物护理,海尔分区洗衣机 Plus 与 好太太薄款晾衣架 Pro 在衣物护理场景中互补，适合作为搭配推荐。
273,253,COMPLEMENTS,0.873,衣物护理,小天鹅分区洗衣机 Max 与 好太太薄款晾衣架 Pro 在衣物护理场景中互补，适合作为搭配推荐。
274,256,COMPLEMENTS,0.907,衣物护理,海尔分区洗衣机 Plus 与 邦先生母婴晾衣架 Plus 在衣物护理场景中互补，适合作为搭配推荐。
274,253,COMPLEMENTS,0.873,衣物护理,小天鹅分区洗衣机 Max 与 邦先生母婴晾衣架 Plus 在衣物护理场景中互补，适合作为搭配推荐。
275,256,COMPLEMENTS,0.73,衣物护理,海尔分区洗衣机 Plus 与 邦先生阳台晾衣机 Pro 在衣物护理场景中互补，适合作为搭配推荐。
275,253,COMPLEMENTS,0.715,衣物护理,小天鹅分区洗衣机 Max 与 邦先生阳台晾衣机 Pro 在衣物护理场景中互补，适合作为搭配推荐。
276,256,COMPLEMENTS,0.924,衣物护理,海尔分区洗衣机 Plus 与 邦先生薄款晾衣架 Pro 在衣物护理场景中互补，适合作为搭配推荐。
276,253,COMPLEMENTS,0.723,衣物护理,小天鹅分区洗衣机 Max 与 邦先生薄款晾衣架 Pro 在衣物护理场景中互补，适合作为搭配推荐。
277,256,COMPLEMENTS,0.815,衣物护理,海尔分区洗衣机 Plus 与 米家杀菌晾衣架 Plus 在衣物护理场景中互补，适合作为搭配推荐。
277,253,COMPLEMENTS,0.852,衣物护理,小天鹅分区洗衣机 Max 与 米家杀菌晾衣架 Plus 在衣物护理场景中互补，适合作为搭配推荐。
278,256,COMPLEMENTS,0.861,衣物护理,海尔分区洗衣机 Plus 与 米家电动晾衣架 Max 在衣物护理场景中互补，适合作为搭配推荐。
278,253,COMPLEMENTS,0.752,衣物护理,小天鹅分区洗衣机 Max 与 米家电动晾衣架 Max 在衣物护理场景中互补，适合作为搭配推荐。
279,256,COMPLEMENTS,0.865,衣物护理,海尔分区洗衣机 Plus 与 米家母婴晾衣架 Lite 在衣物护理场景中互补，适合作为搭配推荐。
279,253,COMPLEMENTS,0.878,衣物护理,小天鹅分区洗衣机 Max 与 米家母婴晾衣架 Lite 在衣物护理场景中互补，适合作为搭配推荐。
280,256,COMPLEMENTS,0.855,衣物护理,海尔分区洗衣机 Plus 与 Aqara烘干晾衣架 Lite 在衣物护理场景中互补，适合作为搭配推荐。
280,253,COMPLEMENTS,0.699,衣物护理,小天鹅分区洗衣机 Max 与 Aqara烘干晾衣架 Lite 在衣物护理场景中互补，适合作为搭配推荐。
281,256,COMPLEMENTS,0.938,衣物护理,海尔分区洗衣机 Plus 与 Aqara电动晾衣架 Plus 在衣物护理场景中互补，适合作为搭配推荐。
281,253,COMPLEMENTS,0.788,衣物护理,小天鹅分区洗衣机 Max 与 Aqara电动晾衣架 Plus 在衣物护理场景中互补，适合作为搭配推荐。
282,256,COMPLEMENTS,0.936,衣物护理,海尔分区洗衣机 Plus 与 Aqara薄款晾衣架 Plus 在衣物护理场景中互补，适合作为搭配推荐。
282,253,COMPLEMENTS,0.801,衣物护理,小天鹅分区洗衣机 Max 与 Aqara薄款晾衣架 Plus 在衣物护理场景中互补，适合作为搭配推荐。
283,256,COMPLEMENTS,0.936,衣物护理,海尔分区洗衣机 Plus 与 欧瑞博薄款晾衣架 Lite 在衣物护理场景中互补，适合作为搭配推荐。
283,253,COMPLEMENTS,0.839,衣物护理,小天鹅分区洗衣机 Max 与 欧瑞博薄款晾衣架 Lite 在衣物护理场景中互补，适合作为搭配推荐。
284,256,COMPLEMENTS,0.825,衣物护理,海尔分区洗衣机 Plus 与 欧瑞博杀菌晾衣架 Plus 在衣物护理场景中互补，适合作为搭配推荐。
284,253,COMPLEMENTS,0.854,衣物护理,小天鹅分区洗衣机 Max 与 欧瑞博杀菌晾衣架 Plus 在衣物护理场景中互补，适合作为搭配推荐。
285,256,COMPLEMENTS,0.735,衣物护理,海尔分区洗衣机 Plus 与 欧瑞博阳台晾衣机 Lite 在衣物护理场景中互补，适合作为搭配推荐。
285,253,COMPLEMENTS,0.747,衣物护理,小天鹅分区洗衣机 Max 与 欧瑞博阳台晾衣机 Lite 在衣物护理场景中互补，适合作为搭配推荐。
286,256,COMPLEMENTS,0.77,衣物护理,海尔分区洗衣机 Plus 与 盼盼薄款晾衣架 Lite 在衣物护理场景中互补，适合作为搭配推荐。
286,253,COMPLEMENTS,0.922,衣物护理,小天鹅分区洗衣机 Max 与 盼盼薄款晾衣架 Lite 在衣物护理场景中互补，适合作为搭配推荐。
287,256,COMPLEMENTS,0.906,衣物护理,海尔分区洗衣机 Plus 与 盼盼母婴晾衣架 Lite 在衣物护理场景中互补，适合作为搭配推荐。
287,253,COMPLEMENTS,0.699,衣物护理,小天鹅分区洗衣机 Max 与 盼盼母婴晾衣架 Lite 在衣物护理场景中互补，适合作为搭配推荐。
288,256,COMPLEMENTS,0.772,衣物护理,海尔分区洗衣机 Plus 与 盼盼电动晾衣架 Plus 在衣物护理场景中互补，适合作为搭配推荐。
288,253,COMPLEMENTS,0.847,衣物护理,小天鹅分区洗衣机 Max 与 盼盼电动晾衣架 Plus 在衣物护理场景中互补，适合作为搭配推荐。
3,6,UPGRADE,0.685,预算升级,华为智选入户安全门锁 Lite 是 小米电子猫眼门锁 Lite 的更高配置选择，适合预算更高或更看重体验的用户。
8,13,UPGRADE,0.728,预算升级,凯迪仕指纹门锁 Lite 是 鹿客电子猫眼门锁 Lite 的更高配置选择，适合预算更高或更看重体验的用户。
17,16,UPGRADE,0.749,预算升级,Aqara人脸识别门锁 Lite 是 Aqara电子猫眼门锁 Lite 的更高配置选择，适合预算更高或更看重体验的用户。
9,1,UPGRADE,0.644,预算升级,小米租房智能门锁 Plus 是 鹿客入户安全门锁 Plus 的更高配置选择，适合预算更高或更看重体验的用户。
15,5,UPGRADE,0.624,预算升级,华为智选指纹门锁 Plus 是 凯迪仕人脸识别门锁 Plus 的更高配置选择，适合预算更高或更看重体验的用户。
11,4,UPGRADE,0.622,预算升级,华为智选电子猫眼门锁 Max 是 德施曼人脸识别门锁 Pro 的更高配置选择，适合预算更高或更看重体验的用户。
20,34,UPGRADE,0.598,预算升级,乐橙门口猫眼摄像头 Lite 是 小米宝宝看护摄像头 Lite 的更高配置选择，适合预算更高或更看重体验的用户。
21,36,UPGRADE,0.728,预算升级,乐橙双摄追踪摄像机 Plus 是 小米云台摄像机 Lite 的更高配置选择，适合预算更高或更看重体验的用户。
23,29,UPGRADE,0.656,预算升级,360户外防水摄像头 Plus 是 华为智选云台摄像机 Plus 的更高配置选择，适合预算更高或更看重体验的用户。
35,19,UPGRADE,0.667,预算升级,小米门口猫眼摄像头 Plus 是 乐橙云台摄像机 Plus 的更高配置选择，适合预算更高或更看重体验的用户。
25,33,UPGRADE,0.603,预算升级,TP-LINK2K 看家摄像头 Pro 是 萤石双摄追踪摄像机 Plus 的更高配置选择，适合预算更高或更看重体验的用户。
31,30,UPGRADE,0.755,预算升级,360双摄追踪摄像机 Max 是 TP-LINK双摄追踪摄像机 Pro 的更高配置选择，适合预算更高或更看重体验的用户。
51,46,UPGRADE,0.602,预算升级,海康威视燃气报警器 Lite 是 涂鸦水浸传感器 Lite 的更高配置选择，适合预算更高或更看重体验的用户。
49,38,UPGRADE,0.735,预算升级,Aqara烟雾报警器 Plus 是 涂鸦燃气报警器 Lite 的更高配置选择，适合预算更高或更看重体验的用户。
43,53,UPGRADE,0.617,预算升级,欧瑞博烟雾报警器 Plus 是 绿米人体传感器 Plus 的更高配置选择，适合预算更高或更看重体验的用户。
41,47,UPGRADE,0.609,预算升级,海康威视门窗传感器 Pro 是 米家烟雾报警器 Pro 的更高配置选择，适合预算更高或更看重体验的用户。
42,44,UPGRADE,0.696,预算升级,绿米燃气报警器 Max 是 米家人体传感器 Pro 的更高配置选择，适合预算更高或更看重体验的用户。
45,48,UPGRADE,0.624,预算升级,海康威视人体传感器 Max 是 绿米烟雾报警器 Max 的更高配置选择，适合预算更高或更看重体验的用户。
61,60,UPGRADE,0.675,预算升级,米家智能吸顶灯 Lite 是 欧普床头阅读灯 Lite 的更高配置选择，适合预算更高或更看重体验的用户。
56,62,UPGRADE,0.691,预算升级,欧普护眼台灯 Plus 是 Yeelight智能筒灯 Lite 的更高配置选择，适合预算更高或更看重体验的用户。
58,71,UPGRADE,0.654,预算升级,Aqara床头阅读灯 Plus 是 米家智能筒灯 Plus 的更高配置选择，适合预算更高或更看重体验的用户。
67,72,UPGRADE,0.664,预算升级,Aqara智能筒灯 Plus 是 飞利浦氛围灯带 Plus 的更高配置选择，适合预算更高或更看重体验的用户。
55,69,UPGRADE,0.73,预算升级,飞利浦客厅主灯 Pro 是 Yeelight护眼台灯 Pro 的更高配置选择，适合预算更高或更看重体验的用户。
68,59,UPGRADE,0.677,预算升级,米家客厅主灯 Max 是 飞利浦床头阅读灯 Max 的更高配置选择，适合预算更高或更看重体验的用户。
76,78,UPGRADE,0.649,预算升级,米家大功率插座 Lite 是 米家计量插座 Lite 的更高配置选择，适合预算更高或更看重体验的用户。
74,88,UPGRADE,0.754,预算升级,欧瑞博空调伴侣 Lite 是 公牛迷你智能插座 Lite 的更高配置选择，适合预算更高或更看重体验的用户。
89,86,UPGRADE,0.726,预算升级,涂鸦计量插座 Plus 是 欧瑞博智能排插 Lite 的更高配置选择，适合预算更高或更看重体验的用户。
87,79,UPGRADE,0.653,预算升级,Aqara计量插座 Plus 是 涂鸦智能排插 Plus 的更高配置选择，适合预算更高或更看重体验的用户。
84,73,UPGRADE,0.611,预算升级,公牛空调伴侣 Pro 是 华为智选WiFi 智能插座 Plus 的更高配置选择，适合预算更高或更看重体验的用户。
82,90,UPGRADE,0.655,预算升级,欧瑞博大功率插座 Max 是 华为智选智能排插 Max 的更高配置选择，适合预算更高或更看重体验的用户。
105,98,UPGRADE,0.619,预算升级,欧瑞博场景面板 Lite 是 涂鸦零火智能开关 Lite 的更高配置选择，适合预算更高或更看重体验的用户。
93,92,UPGRADE,0.635,预算升级,Aqara多键智能开关 Plus 是 Aqara场景面板 Lite 的更高配置选择，适合预算更高或更看重体验的用户。
102,108,UPGRADE,0.622,预算升级,Yeelight多键智能开关 Plus 是 公牛零火智能开关 Plus 的更高配置选择，适合预算更高或更看重体验的用户。
101,107,UPGRADE,0.669,预算升级,Yeelight场景面板 Pro 是 公牛调光开关 Plus 的更高配置选择，适合预算更高或更看重体验的用户。
95,91,UPGRADE,0.718,预算升级,Aqara零火智能开关 Max 是 米家场景面板 Pro 的更高配置选择，适合预算更高或更看重体验的用户。
94,104,UPGRADE,0.648,预算升级,涂鸦无线开关 Max 是 米家调光开关 Max 的更高配置选择，适合预算更高或更看重体验的用户。
109,113,UPGRADE,0.691,预算升级,华为儿童学习音箱 Lite 是 小米迷你音箱 Lite 的更高配置选择，适合预算更高或更看重体验的用户。
117,111,UPGRADE,0.694,预算升级,小米智能音箱 Lite 是 天猫精灵迷你音箱 Lite 的更高配置选择，适合预算更高或更看重体验的用户。
125,115,UPGRADE,0.694,预算升级,天猫精灵儿童学习音箱 Plus 是 小度儿童学习音箱 Lite 的更高配置选择，适合预算更高或更看重体验的用户。
114,119,UPGRADE,0.605,预算升级,百度高音质音箱 Plus 是 华为屏幕音箱 Plus 的更高配置选择，适合预算更高或更看重体验的用户。
122,118,UPGRADE,0.582,预算升级,百度屏幕音箱 Pro 是 Apple高音质音箱 Plus 的更高配置选择，适合预算更高或更看重体验的用户。
120,123,UPGRADE,0.658,预算升级,Apple智能音箱 Pro 是 百度儿童学习音箱 Pro 的更高配置选择，适合预算更高或更看重体验的用户。
140,132,UPGRADE,0.598,预算升级,米家梦幻帘电机 Lite 是 绿米梦幻帘电机 Lite 的更高配置选择，适合预算更高或更看重体验的用户。
133,135,UPGRADE,0.582,预算升级,欧瑞博遮光窗帘套装 Lite 是 欧瑞博梦幻帘电机 Lite 的更高配置选择，适合预算更高或更看重体验的用户。
136,130,UPGRADE,0.716,预算升级,米家窗帘电机 Plus 是 杜亚轨道套装 Lite 的更高配置选择，适合预算更高或更看重体验的用户。
142,131,UPGRADE,0.735,预算升级,米家轨道套装 Plus 是 Yeelight轨道套装 Plus 的更高配置选择，适合预算更高或更看重体验的用户。
139,137,UPGRADE,0.695,预算升级,杜亚窗帘电机 Plus 是 绿米遮光窗帘套装 Plus 的更高配置选择，适合预算更高或更看重体验的用户。
144,134,UPGRADE,0.666,预算升级,欧瑞博窗帘电机 Max 是 Yeelight梦幻帘电机 Pro 的更高配置选择，适合预算更高或更看重体验的用户。
156,145,UPGRADE,0.661,预算升级,科沃斯基站扫拖机器人 Lite 是 米家自清洁扫拖机器人 Lite 的更高配置选择，适合预算更高或更看重体验的用户。
147,153,UPGRADE,0.597,预算升级,追觅扫地机器人 Plus 是 科沃斯扫地机器人 Lite 的更高配置选择，适合预算更高或更看重体验的用户。
152,162,UPGRADE,0.595,预算升级,添可宠物家庭清洁机器人 Plus 是 追觅洗地机 Plus 的更高配置选择，适合预算更高或更看重体验的用户。
150,159,UPGRADE,0.69,预算升级,云鲸基站扫拖机器人 Plus 是 石头擦窗机器人 Plus 的更高配置选择，适合预算更高或更看重体验的用户。
157,149,UPGRADE,0.684,预算升级,石头宠物家庭清洁机器人 Max 是 云鲸洗地机 Plus 的更高配置选择，适合预算更高或更看重体验的用户。
154,146,UPGRADE,0.596,预算升级,科沃斯自清洁扫拖机器人 Max 是 米家洗地机 Max 的更高配置选择，适合预算更高或更看重体验的用户。
174,176,UPGRADE,0.749,预算升级,华为智选空气净化器 Lite 是 布鲁雅尔宠物除味净化器 Lite 的更高配置选择，适合预算更高或更看重体验的用户。
177,164,UPGRADE,0.656,预算升级,小米母婴净化器 Plus 是 华为智选除甲醛净化器 Plus 的更高配置选择，适合预算更高或更看重体验的用户。
180,172,UPGRADE,0.687,预算升级,布鲁雅尔大空间净化器 Plus 是 美的除甲醛净化器 Plus 的更高配置选择，适合预算更高或更看重体验的用户。
165,179,UPGRADE,0.671,预算升级,美的空气净化器 Pro 是 小米宠物除味净化器 Pro 的更高配置选择，适合预算更高或更看重体验的用户。
168,170,UPGRADE,0.756,预算升级,飞利浦除甲醛净化器 Pro 是 352除甲醛净化器 Pro 的更高配置选择，适合预算更高或更看重体验的用户。
178,166,UPGRADE,0.726,预算升级,352宠物除味净化器 Max 是 美的卧室净化器 Pro 的更高配置选择，适合预算更高或更看重体验的用户。
193,188,UPGRADE,0.716,预算升级,美的母婴加湿器 Lite 是 352大容量加湿器 Lite 的更高配置选择，适合预算更高或更看重体验的用户。
190,186,UPGRADE,0.692,预算升级,飞利浦大容量加湿器 Plus 是 小熊大容量加湿器 Lite 的更高配置选择，适合预算更高或更看重体验的用户。
183,197,UPGRADE,0.637,预算升级,华为智选无雾加湿器 Pro 是 米家大容量加湿器 Plus 的更高配置选择，适合预算更高或更看重体验的用户。
187,192,UPGRADE,0.738,预算升级,小熊恒湿加湿器 Pro 是 美的卧室加湿器 Pro 的更高配置选择，适合预算更高或更看重体验的用户。
185,194,UPGRADE,0.627,预算升级,352母婴加湿器 Pro 是 飞利浦无雾加湿器 Pro 的更高配置选择，适合预算更高或更看重体验的用户。
195,184,UPGRADE,0.695,预算升级,飞利浦母婴加湿器 Max 是 352卧室加湿器 Max 的更高配置选择，适合预算更高或更看重体验的用户。
199,212,UPGRADE,0.649,预算升级,小米卧室空调 Lite 是 美的智能挂机空调 Lite 的更高配置选择，适合预算更高或更看重体验的用户。
216,211,UPGRADE,0.742,预算升级,小米一级能效空调 Lite 是 TCL客厅立式空调 Lite 的更高配置选择，适合预算更高或更看重体验的用户。
205,213,UPGRADE,0.728,预算升级,小米儿童房空调 Plus 是 海尔一级能效空调 Lite 的更高配置选择，适合预算更高或更看重体验的用户。
215,206,UPGRADE,0.598,预算升级,海尔卧室空调 Plus 是 TCL新风空调 Plus 的更高配置选择，适合预算更高或更看重体验的用户。
210,214,UPGRADE,0.683,预算升级,TCL一级能效空调 Pro 是 华为智选一级能效空调 Pro 的更高配置选择，适合预算更高或更看重体验的用户。
208,209,UPGRADE,0.595,预算升级,华为智选客厅立式空调 Max 是 华为智选智能挂机空调 Max 的更高配置选择，适合预算更高或更看重体验的用户。
219,222,UPGRADE,0.688,预算升级,苏泊尔洗碗机 Lite 是 美的空气炸锅 Lite 的更高配置选择，适合预算更高或更看重体验的用户。
220,223,UPGRADE,0.75,预算升级,九阳洗碗机 Plus 是 苏泊尔智能烟灶套装 Lite 的更高配置选择，适合预算更高或更看重体验的用户。
225,218,UPGRADE,0.617,预算升级,美的破壁机 Pro 是 九阳破壁机 Plus 的更高配置选择，适合预算更高或更看重体验的用户。
233,228,UPGRADE,0.665,预算升级,米家智能电饭煲 Pro 是 方太洗碗机 Pro 的更高配置选择，适合预算更高或更看重体验的用户。
232,231,UPGRADE,0.741,预算升级,老板破壁机 Max 是 方太智能电饭煲 Pro 的更高配置选择，适合预算更高或更看重体验的用户。
227,221,UPGRADE,0.706,预算升级,苏泊尔空气炸锅 Max 是 米家洗碗机 Max 的更高配置选择，适合预算更高或更看重体验的用户。
250,249,UPGRADE,0.714,预算升级,米家对开门冰箱 Lite 是 卡萨帝多门智能冰箱 Lite 的更高配置选择，适合预算更高或更看重体验的用户。
244,243,UPGRADE,0.701,预算升级,容声多门智能冰箱 Plus 是 TCL母婴冰箱 Plus 的更高配置选择，适合预算更高或更看重体验的用户。
247,239,UPGRADE,0.633,预算升级,美的母婴冰箱 Plus 是 米家超薄冰箱 Plus 的更高配置选择，适合预算更高或更看重体验的用户。
242,238,UPGRADE,0.598,预算升级,美的对开门冰箱 Plus 是 容声保鲜冰箱 Plus 的更高配置选择，适合预算更高或更看重体验的用户。
236,235,UPGRADE,0.68,预算升级,海尔母婴冰箱 Pro 是 海尔对开门冰箱 Pro 的更高配置选择，适合预算更高或更看重体验的用户。
241,248,UPGRADE,0.739,预算升级,米家母婴冰箱 Max 是 容声对开门冰箱 Max 的更高配置选择，适合预算更高或更看重体验的用户。
258,270,UPGRADE,0.726,预算升级,TCL热泵洗烘套装 Lite 是 海尔热泵洗烘套装 Lite 的更高配置选择，适合预算更高或更看重体验的用户。
268,265,UPGRADE,0.695,预算升级,西门子滚筒洗衣机 Plus 是 TCL母婴洗衣机 Lite 的更高配置选择，适合预算更高或更看重体验的用户。
260,266,UPGRADE,0.704,预算升级,西门子分区洗衣机 Plus 是 美的滚筒洗衣机 Plus 的更高配置选择，适合预算更高或更看重体验的用户。
263,255,UPGRADE,0.725,预算升级,小天鹅内衣洗衣机 Pro 是 米家内衣洗衣机 Plus 的更高配置选择，适合预算更高或更看重体验的用户。
261,254,UPGRADE,0.624,预算升级,小天鹅洗烘一体机 Pro 是 美的母婴洗衣机 Pro 的更高配置选择，适合预算更高或更看重体验的用户。
259,257,UPGRADE,0.66,预算升级,海尔滚筒洗衣机 Max 是 美的内衣洗衣机 Max 的更高配置选择，适合预算更高或更看重体验的用户。
286,283,UPGRADE,0.708,预算升级,欧瑞博薄款晾衣架 Lite 是 盼盼薄款晾衣架 Lite 的更高配置选择，适合预算更高或更看重体验的用户。
285,279,UPGRADE,0.633,预算升级,米家母婴晾衣架 Lite 是 欧瑞博阳台晾衣机 Lite 的更高配置选择，适合预算更高或更看重体验的用户。
280,284,UPGRADE,0.692,预算升级,欧瑞博杀菌晾衣架 Plus 是 Aqara烘干晾衣架 Lite 的更高配置选择，适合预算更高或更看重体验的用户。
288,281,UPGRADE,0.665,预算升级,Aqara电动晾衣架 Plus 是 盼盼电动晾衣架 Plus 的更高配置选择，适合预算更高或更看重体验的用户。
282,276,UPGRADE,0.692,预算升级,邦先生薄款晾衣架 Pro 是 Aqara薄款晾衣架 Plus 的更高配置选择，适合预算更高或更看重体验的用户。
275,271,UPGRADE,0.755,预算升级,好太太电动晾衣架 Max 是 邦先生阳台晾衣机 Pro 的更高配置选择，适合预算更高或更看重体验的用户。
301,303,UPGRADE,0.653,预算升级,涂鸦蓝牙网关 Lite 是 涂鸦多模网关 Lite 的更高配置选择，适合预算更高或更看重体验的用户。
290,299,UPGRADE,0.737,预算升级,欧瑞博全屋中控网关 Plus 是 Aqara红外网关 Lite 的更高配置选择，适合预算更高或更看重体验的用户。
297,289,UPGRADE,0.648,预算升级,AqaraZigbee 网关 Plus 是 华为智选全屋中控网关 Plus 的更高配置选择，适合预算更高或更看重体验的用户。
291,296,UPGRADE,0.734,预算升级,华为智选蓝牙网关 Plus 是 Aqara蓝牙网关 Plus 的更高配置选择，适合预算更高或更看重体验的用户。
305,294,UPGRADE,0.662,预算升级,米家Matter 网关 Pro 是 领普Matter 网关 Plus 的更高配置选择，适合预算更高或更看重体验的用户。
292,304,UPGRADE,0.757,预算升级,领普多模网关 Max 是 米家红外网关 Max 的更高配置选择，适合预算更高或更看重体验的用户。
