ProductID,ProductName,CategoryName,SupplierName,QuantityPerUnit,UnitPrice,UnitsInStock,Brand,Description,Features,UseCases,TargetUsers,Tags,Rating,ReviewCount,SalesVolume,BusinessWeight,InstallDifficulty,AfterSalesPolicy,Compatibility
1,小米租房智能门锁 Plus,智能门锁,小米生态链旗舰店,1 台,1499,123,小米,"小米租房智能门锁 Plus 面向有老人家庭,租房人群，适合出租屋,新房装修,老人看护场景，可作为智能门锁类目的主推商品。",临时密码；防撬报警；指纹解锁；低电量提醒,出租屋；新房装修；老人看护,有老人家庭；租房人群,Plus；临时密码；低电量提醒；出租屋；指纹解锁；新房装修；智能门锁；有老人家庭；租房人群；老人看护；防撬报警,4.8,3236,26715,0.98,需要预约安装,整机一年质保，核心部件三年质保，支持上门安装,天猫精灵；Aqara Home；Matter
2,小米人脸识别门锁 Plus,智能门锁,小米授权专卖店,1 台,1899,205,小米,"小米人脸识别门锁 Plus 面向有老人家庭,租房人群，适合家庭安防,出租屋,老人看护场景，可作为智能门锁类目的主推商品。",门未关提醒；指纹解锁；远程开门记录；低电量提醒,家庭安防；出租屋；老人看护,有老人家庭；租房人群,Plus；低电量提醒；出租屋；家庭安防；指纹解锁；智能门锁；有老人家庭；租房人群；老人看护；远程开门记录；门未关提醒,4.9,1061,11898,0.98,需要预约安装,整机一年质保，核心部件三年质保，支持上门安装,Aqara Home；涂鸦智能
3,小米电子猫眼门锁 Lite,智能门锁,小米智能生活专营店,1 台,649,125,小米,"小米电子猫眼门锁 Lite 面向有老人家庭,租房人群，适合老人看护,新房装修,家庭安防场景，可作为智能门锁类目的主推商品。",远程开门记录；低电量提醒；临时密码；门未关提醒,老人看护；新房装修；家庭安防,有老人家庭；租房人群,Lite；临时密码；低电量提醒；家庭安防；新房装修；智能门锁；有老人家庭；租房人群；老人看护；远程开门记录；门未关提醒,4.5,4223,20426,0.98,需要预约安装,整机一年质保，核心部件三年质保，支持上门安装,涂鸦智能；Apple HomeKit；华为鸿蒙智联；米家
4,华为智选电子猫眼门锁 Max,智能门锁,华为智选智能生活专营店,1 台,2999,127,华为智选,"华为智选电子猫眼门锁 Max 面向租房人群,有老人家庭，适合家庭安防,出租屋,老人看护场景，可作为智能门锁类目的主推商品。",门未关提醒；指纹解锁；临时密码；远程开门记录,家庭安防；出租屋；老人看护,租房人群；有老人家庭,Max；临时密码；出租屋；家庭安防；指纹解锁；智能门锁；有老人家庭；租房人群；老人看护；远程开门记录；门未关提醒,4.6,2710,25531,0.98,需要预约安装,整机一年质保，核心部件三年质保，支持上门安装,Aqara Home；米家；Apple HomeKit；华为鸿蒙智联
5,华为智选指纹门锁 Plus,智能门锁,华为智选官方旗舰店,1 台,1899,172,华为智选,"华为智选指纹门锁 Plus 面向独居青年,租房人群，适合家庭安防,出租屋,老人看护场景，可作为智能门锁类目的主推商品。",门未关提醒；低电量提醒；防撬报警；临时密码,家庭安防；出租屋；老人看护,独居青年；租房人群,Plus；临时密码；低电量提醒；出租屋；家庭安防；智能门锁；独居青年；租房人群；老人看护；门未关提醒；防撬报警,4.3,866,23638,0.98,需要预约安装,整机一年质保，核心部件三年质保，支持上门安装,天猫精灵；Apple HomeKit；华为鸿蒙智联；米家
6,华为智选入户安全门锁 Lite,智能门锁,华为智选智能生活专营店,1 台,749,253,华为智选,"华为智选入户安全门锁 Lite 面向有老人家庭,独居青年，适合出租屋,新房装修,老人看护场景，可作为智能门锁类目的主推商品。",低电量提醒；门未关提醒；临时密码；远程开门记录,出租屋；新房装修；老人看护,有老人家庭；独居青年,Lite；临时密码；低电量提醒；出租屋；新房装修；智能门锁；有老人家庭；独居青年；老人看护；远程开门记录；门未关提醒,4.8,2381,23474,0.98,需要预约安装,整机一年质保，核心部件三年质保，支持上门安装,Aqara Home；米家；华为鸿蒙智联；天猫精灵
7,鹿客掌静脉门锁 Lite,智能门锁,鹿客智能生活专营店,1 台,799,81,鹿客,"鹿客掌静脉门锁 Lite 面向独居青年,租房人群，适合家庭安防,出租屋,老人看护场景，可作为智能门锁类目的主推商品。",防撬报警；指纹解锁；远程开门记录；门未关提醒,家庭安防；出租屋；老人看护,独居青年；租房人群,Lite；出租屋；家庭安防；指纹解锁；智能门锁；独居青年；租房人群；老人看护；远程开门记录；门未关提醒；防撬报警,4.9,882,4319,0.98,需要预约安装,整机一年质保，核心部件三年质保，支持上门安装,Matter；Apple HomeKit；Aqara Home；米家
8,鹿客电子猫眼门锁 Lite,智能门锁,鹿客授权专卖店,1 台,749,139,鹿客,"鹿客电子猫眼门锁 Lite 面向独居青年,有老人家庭，适合新房装修,出租屋,家庭安防场景，可作为智能门锁类目的主推商品。",门未关提醒；临时密码；防撬报警；远程开门记录,新房装修；出租屋；家庭安防,独居青年；有老人家庭,Lite；临时密码；出租屋；家庭安防；新房装修；智能门锁；有老人家庭；独居青年；远程开门记录；门未关提醒；防撬报警,4.5,2700,17499,0.98,需要预约安装,整机一年质保，核心部件三年质保，支持上门安装,涂鸦智能；米家；小度；Apple HomeKit
9,鹿客入户安全门锁 Plus,智能门锁,鹿客官方旗舰店,1 台,1299,56,鹿客,"鹿客入户安全门锁 Plus 面向家庭用户,有老人家庭，适合老人看护,新房装修,家庭安防场景，可作为智能门锁类目的主推商品。",远程开门记录；防撬报警；门未关提醒；指纹解锁,老人看护；新房装修；家庭安防,家庭用户；有老人家庭,Plus；家庭安防；家庭用户；指纹解锁；新房装修；智能门锁；有老人家庭；老人看护；远程开门记录；门未关提醒；防撬报警,4.8,3928,19229,0.98,需要预约安装,整机一年质保，核心部件三年质保，支持上门安装,Matter；天猫精灵
10,德施曼入户安全门锁 Pro,智能门锁,德施曼授权专卖店,1 台,2499,123,德施曼,"德施曼入户安全门锁 Pro 面向独居青年,有老人家庭，适合老人看护,新房装修,出租屋场景，可作为智能门锁类目的主推商品。",低电量提醒；防撬报警；门未关提醒；临时密码,老人看护；新房装修；出租屋,独居青年；有老人家庭,Pro；临时密码；低电量提醒；出租屋；新房装修；智能门锁；有老人家庭；独居青年；老人看护；门未关提醒；防撬报警,4.7,818,28369,0.98,需要预约安装,整机一年质保，核心部件三年质保，支持上门安装,Aqara Home；小度
11,德施曼人脸识别门锁 Pro,智能门锁,德施曼授权专卖店,1 台,2199,62,德施曼,"德施曼人脸识别门锁 Pro 面向租房人群,独居青年，适合老人看护,新房装修,家庭安防场景，可作为智能门锁类目的主推商品。",门未关提醒；低电量提醒；防撬报警；指纹解锁,老人看护；新房装修；家庭安防,租房人群；独居青年,Pro；低电量提醒；家庭安防；指纹解锁；新房装修；智能门锁；独居青年；租房人群；老人看护；门未关提醒；防撬报警,4.3,1289,3419,0.937,需要预约安装,整机一年质保，核心部件三年质保，支持上门安装,Matter；天猫精灵；涂鸦智能
12,德施曼掌静脉门锁 Lite,智能门锁,德施曼官方旗舰店,1 台,699,63,德施曼,"德施曼掌静脉门锁 Lite 面向独居青年,租房人群，适合新房装修,老人看护,家庭安防场景，可作为智能门锁类目的主推商品。",低电量提醒；指纹解锁；防撬报警；远程开门记录,新房装修；老人看护；家庭安防,独居青年；租房人群,Lite；低电量提醒；家庭安防；指纹解锁；新房装修；智能门锁；独居青年；租房人群；老人看护；远程开门记录；防撬报警,4.8,4081,2949,0.979,需要预约安装,整机一年质保，核心部件三年质保，支持上门安装,Aqara Home；天猫精灵；小度；Apple HomeKit
13,凯迪仕指纹门锁 Lite,智能门锁,凯迪仕官方旗舰店,1 台,949,23,凯迪仕,"凯迪仕指纹门锁 Lite 面向独居青年,有老人家庭，适合出租屋,老人看护,新房装修场景，可作为智能门锁类目的主推商品。",低电量提醒；临时密码；指纹解锁；远程开门记录,出租屋；老人看护；新房装修,独居青年；有老人家庭,Lite；临时密码；低电量提醒；出租屋；指纹解锁；新房装修；智能门锁；有老人家庭；独居青年；老人看护；远程开门记录,4.7,2210,25721,0.98,需要预约安装,整机一年质保，核心部件三年质保，支持上门安装,天猫精灵；涂鸦智能；Matter；米家
14,凯迪仕租房智能门锁 Plus,智能门锁,凯迪仕官方旗舰店,1 台,1349,254,凯迪仕,"凯迪仕租房智能门锁 Plus 面向有老人家庭,独居青年，适合家庭安防,出租屋,老人看护场景，可作为智能门锁类目的主推商品。",远程开门记录；防撬报警；指纹解锁；低电量提醒,家庭安防；出租屋；老人看护,有老人家庭；独居青年,Plus；低电量提醒；出租屋；家庭安防；指纹解锁；智能门锁；有老人家庭；独居青年；老人看护；远程开门记录；防撬报警,4.6,961,13681,0.98,需要预约安装,整机一年质保，核心部件三年质保，支持上门安装,Matter；米家；涂鸦智能
15,凯迪仕人脸识别门锁 Plus,智能门锁,凯迪仕官方旗舰店,1 台,1699,66,凯迪仕,"凯迪仕人脸识别门锁 Plus 面向家庭用户,有老人家庭，适合出租屋,老人看护,家庭安防场景，可作为智能门锁类目的主推商品。",低电量提醒；指纹解锁；临时密码；门未关提醒,出租屋；老人看护；家庭安防,家庭用户；有老人家庭,Plus；临时密码；低电量提醒；出租屋；家庭安防；家庭用户；指纹解锁；智能门锁；有老人家庭；老人看护；门未关提醒,4.8,1455,26840,0.98,需要预约安装,整机一年质保，核心部件三年质保，支持上门安装,涂鸦智能；米家；Apple HomeKit；华为鸿蒙智联
16,Aqara人脸识别门锁 Lite,智能门锁,Aqara授权专卖店,1 台,1199,163,Aqara,"Aqara人脸识别门锁 Lite 面向独居青年,租房人群，适合新房装修,出租屋,老人看护场景，可作为智能门锁类目的主推商品。",远程开门记录；低电量提醒；防撬报警；门未关提醒,新房装修；出租屋；老人看护,独居青年；租房人群,Lite；低电量提醒；出租屋；新房装修；智能门锁；独居青年；租房人群；老人看护；远程开门记录；门未关提醒；防撬报警,4.8,857,28700,0.98,需要预约安装,整机一年质保，核心部件三年质保，支持上门安装,米家；Apple HomeKit；Matter
17,Aqara电子猫眼门锁 Lite,智能门锁,Aqara生态链旗舰店,1 台,999,221,Aqara,"Aqara电子猫眼门锁 Lite 面向独居青年,家庭用户，适合新房装修,家庭安防,出租屋场景，可作为智能门锁类目的主推商品。",远程开门记录；低电量提醒；防撬报警；门未关提醒,新房装修；家庭安防；出租屋,独居青年；家庭用户,Lite；低电量提醒；出租屋；家庭安防；家庭用户；新房装修；智能门锁；独居青年；远程开门记录；门未关提醒；防撬报警,4.3,1531,23691,0.98,需要预约安装,整机一年质保，核心部件三年质保，支持上门安装,米家；涂鸦智能；天猫精灵；小度
18,Aqara入户安全门锁 Lite,智能门锁,Aqara授权专卖店,1 台,1099,144,Aqara,"Aqara入户安全门锁 Lite 面向家庭用户,有老人家庭，适合老人看护,出租屋,家庭安防场景，可作为智能门锁类目的主推商品。",防撬报警；远程开门记录；临时密码；指纹解锁,老人看护；出租屋；家庭安防,家庭用户；有老人家庭,Lite；临时密码；出租屋；家庭安防；家庭用户；指纹解锁；智能门锁；有老人家庭；老人看护；远程开门记录；防撬报警,4.9,1178,27892,0.98,需要预约安装,整机一年质保，核心部件三年质保，支持上门安装,米家；华为鸿蒙智联
19,小米门口猫眼摄像头 Plus,智能摄像头,小米智能生活专营店,1 台,499,27,小米,"小米门口猫眼摄像头 Plus 面向养宠家庭,有老人家庭，适合宠物看护,老人看护,门口监控场景，可作为智能摄像头类目的主推商品。",移动追踪；夜视增强；异常声音提醒；云台巡航,宠物看护；老人看护；门口监控,养宠家庭；有老人家庭,Plus；云台巡航；养宠家庭；夜视增强；宠物看护；异常声音提醒；智能摄像头；有老人家庭；移动追踪；老人看护；门口监控,4.2,2022,5193,0.957,免安装或简单安装,七天无理由，整机一年质保，支持在线客服,Aqara Home；华为鸿蒙智联
20,小米宝宝看护摄像头 Lite,智能摄像头,小米生态链旗舰店,1 台,159,98,小米,"小米宝宝看护摄像头 Lite 面向上班族,新手爸妈，适合家庭安防,宠物看护,老人看护场景，可作为智能摄像头类目的主推商品。",云台巡航；双向语音；异常声音提醒；本地存储,家庭安防；宠物看护；老人看护,上班族；新手爸妈,Lite；上班族；云台巡航；双向语音；宠物看护；家庭安防；异常声音提醒；新手爸妈；智能摄像头；本地存储；老人看护,4.6,2387,32068,0.98,免安装或简单安装,七天无理由，整机一年质保，支持在线客服,Aqara Home；华为鸿蒙智联
21,小米云台摄像机 Lite,智能摄像头,小米授权专卖店,1 台,229,37,小米,"小米云台摄像机 Lite 面向有老人家庭,养宠家庭，适合门口监控,家庭安防,老人看护场景，可作为智能摄像头类目的主推商品。",双向语音；夜视增强；云台巡航；本地存储,门口监控；家庭安防；老人看护,有老人家庭；养宠家庭,Lite；云台巡航；养宠家庭；双向语音；夜视增强；家庭安防；智能摄像头；有老人家庭；本地存储；老人看护；门口监控,4.2,2517,188,0.873,免安装或简单安装,七天无理由，整机一年质保，支持在线客服,华为鸿蒙智联；Apple HomeKit；天猫精灵；涂鸦智能
22,华为智选户外防水摄像头 Lite,智能摄像头,华为智选生态链旗舰店,1 台,289,225,华为智选,"华为智选户外防水摄像头 Lite 面向有老人家庭,上班族，适合宠物看护,门口监控,老人看护场景，可作为智能摄像头类目的主推商品。",本地存储；移动追踪；异常声音提醒；夜视增强,宠物看护；门口监控；老人看护,有老人家庭；上班族,Lite；上班族；夜视增强；宠物看护；异常声音提醒；智能摄像头；有老人家庭；本地存储；移动追踪；老人看护；门口监控,4.7,2097,11908,0.98,免安装或简单安装,七天无理由，整机一年质保，支持在线客服,涂鸦智能；天猫精灵；小度；Aqara Home
23,华为智选云台摄像机 Plus,智能摄像头,华为智选授权专卖店,1 台,399,103,华为智选,"华为智选云台摄像机 Plus 面向上班族,养宠家庭，适合门口监控,老人看护,家庭安防场景，可作为智能摄像头类目的主推商品。",移动追踪；夜视增强；云台巡航；异常声音提醒,门口监控；老人看护；家庭安防,上班族；养宠家庭,Plus；上班族；云台巡航；养宠家庭；夜视增强；家庭安防；异常声音提醒；智能摄像头；移动追踪；老人看护；门口监控,4.5,1884,18703,0.98,免安装或简单安装,七天无理由，整机一年质保，支持在线客服,Apple HomeKit；米家；小度
24,华为智选门口猫眼摄像头 Plus,智能摄像头,华为智选授权专卖店,1 台,449,94,华为智选,"华为智选门口猫眼摄像头 Plus 面向上班族,有老人家庭，适合宠物看护,老人看护,门口监控场景，可作为智能摄像头类目的主推商品。",夜视增强；移动追踪；双向语音；异常声音提醒,宠物看护；老人看护；门口监控,上班族；有老人家庭,Plus；上班族；双向语音；夜视增强；宠物看护；异常声音提醒；智能摄像头；有老人家庭；移动追踪；老人看护；门口监控,4.8,4766,30174,0.98,免安装或简单安装,七天无理由，整机一年质保，支持在线客服,Matter；Apple HomeKit；华为鸿蒙智联；米家
25,萤石双摄追踪摄像机 Plus,智能摄像头,萤石授权专卖店,1 台,499,122,萤石,"萤石双摄追踪摄像机 Plus 面向有老人家庭,养宠家庭，适合宠物看护,老人看护,门口监控场景，可作为智能摄像头类目的主推商品。",夜视增强；异常声音提醒；移动追踪；本地存储,宠物看护；老人看护；门口监控,有老人家庭；养宠家庭,Plus；养宠家庭；夜视增强；宠物看护；异常声音提醒；智能摄像头；有老人家庭；本地存储；移动追踪；老人看护；门口监控,4.4,3867,26940,0.98,免安装或简单安装,七天无理由，整机一年质保，支持在线客服,Aqara Home；小度；Matter；米家
26,萤石云台摄像机 Plus,智能摄像头,萤石生态链旗舰店,1 台,399,188,萤石,"萤石云台摄像机 Plus 面向养宠家庭,上班族，适合家庭安防,宠物看护,老人看护场景，可作为智能摄像头类目的主推商品。",异常声音提醒；夜视增强；移动追踪；本地存储,家庭安防；宠物看护；老人看护,养宠家庭；上班族,Plus；上班族；养宠家庭；夜视增强；宠物看护；家庭安防；异常声音提醒；智能摄像头；本地存储；移动追踪；老人看护,4.7,2804,22150,0.98,免安装或简单安装,七天无理由，整机一年质保，支持在线客服,Aqara Home；Apple HomeKit；天猫精灵；涂鸦智能
27,萤石宝宝看护摄像头 Max,智能摄像头,萤石授权专卖店,1 台,699,188,萤石,"萤石宝宝看护摄像头 Max 面向上班族,养宠家庭，适合家庭安防,门口监控,宠物看护场景，可作为智能摄像头类目的主推商品。",异常声音提醒；双向语音；移动追踪；夜视增强,家庭安防；门口监控；宠物看护,上班族；养宠家庭,Max；上班族；养宠家庭；双向语音；夜视增强；宠物看护；家庭安防；异常声音提醒；智能摄像头；移动追踪；门口监控,4.5,994,25179,0.98,免安装或简单安装,七天无理由，整机一年质保，支持在线客服,涂鸦智能；Apple HomeKit
28,360宝宝看护摄像头 Pro,智能摄像头,360智能生活专营店,1 台,549,49,360,"360宝宝看护摄像头 Pro 面向上班族,有老人家庭，适合宠物看护,门口监控,老人看护场景，可作为智能摄像头类目的主推商品。",移动追踪；本地存储；云台巡航；夜视增强,宠物看护；门口监控；老人看护,上班族；有老人家庭,Pro；上班族；云台巡航；夜视增强；宠物看护；智能摄像头；有老人家庭；本地存储；移动追踪；老人看护；门口监控,4.8,3536,35029,0.98,免安装或简单安装,七天无理由，整机一年质保，支持在线客服,Aqara Home；Matter；天猫精灵
29,360户外防水摄像头 Plus,智能摄像头,360授权专卖店,1 台,399,27,360,"360户外防水摄像头 Plus 面向上班族,有老人家庭，适合宠物看护,家庭安防,门口监控场景，可作为智能摄像头类目的主推商品。",异常声音提醒；移动追踪；本地存储；双向语音,宠物看护；家庭安防；门口监控,上班族；有老人家庭,Plus；上班族；双向语音；宠物看护；家庭安防；异常声音提醒；智能摄像头；有老人家庭；本地存储；移动追踪；门口监控,4.8,4321,14960,0.98,免安装或简单安装,七天无理由，整机一年质保，支持在线客服,米家；涂鸦智能；Apple HomeKit
30,360双摄追踪摄像机 Max,智能摄像头,360智能生活专营店,1 台,799,255,360,"360双摄追踪摄像机 Max 面向养宠家庭,新手爸妈，适合老人看护,宠物看护,门口监控场景，可作为智能摄像头类目的主推商品。",异常声音提醒；夜视增强；双向语音；移动追踪,老人看护；宠物看护；门口监控,养宠家庭；新手爸妈,Max；养宠家庭；双向语音；夜视增强；宠物看护；异常声音提醒；新手爸妈；智能摄像头；移动追踪；老人看护；门口监控,4.4,1926,3676,0.951,免安装或简单安装,七天无理由，整机一年质保，支持在线客服,华为鸿蒙智联；Apple HomeKit；Aqara Home
31,TP-LINK双摄追踪摄像机 Pro,智能摄像头,TP-LINK官方旗舰店,1 台,649,155,TP-LINK,"TP-LINK双摄追踪摄像机 Pro 面向有老人家庭,养宠家庭，适合门口监控,宠物看护,家庭安防场景，可作为智能摄像头类目的主推商品。",夜视增强；异常声音提醒；双向语音；本地存储,门口监控；宠物看护；家庭安防,有老人家庭；养宠家庭,Pro；养宠家庭；双向语音；夜视增强；宠物看护；家庭安防；异常声音提醒；智能摄像头；有老人家庭；本地存储；门口监控,4.8,3369,2016,0.964,免安装或简单安装,七天无理由，整机一年质保，支持在线客服,Aqara Home；华为鸿蒙智联；Apple HomeKit；涂鸦智能
32,TP-LINK云台摄像机 Lite,智能摄像头,TP-LINK智能生活专营店,1 台,179,90,TP-LINK,"TP-LINK云台摄像机 Lite 面向新手爸妈,上班族，适合老人看护,门口监控,家庭安防场景，可作为智能摄像头类目的主推商品。",云台巡航；本地存储；异常声音提醒；移动追踪,老人看护；门口监控；家庭安防,新手爸妈；上班族,Lite；上班族；云台巡航；家庭安防；异常声音提醒；新手爸妈；智能摄像头；本地存储；移动追踪；老人看护；门口监控,4.3,2641,24668,0.98,免安装或简单安装,七天无理由，整机一年质保，支持在线客服,Matter；华为鸿蒙智联；Aqara Home
33,TP-LINK2K 看家摄像头 Pro,智能摄像头,TP-LINK授权专卖店,1 台,549,91,TP-LINK,"TP-LINK2K 看家摄像头 Pro 面向新手爸妈,有老人家庭，适合门口监控,家庭安防,宠物看护场景，可作为智能摄像头类目的主推商品。",双向语音；本地存储；夜视增强；云台巡航,门口监控；家庭安防；宠物看护,新手爸妈；有老人家庭,Pro；云台巡航；双向语音；夜视增强；宠物看护；家庭安防；新手爸妈；智能摄像头；有老人家庭；本地存储；门口监控,4.5,817,10196,0.98,免安装或简单安装,七天无理由，整机一年质保，支持在线客服,Apple HomeKit；华为鸿蒙智联；天猫精灵；Matter
34,乐橙门口猫眼摄像头 Lite,智能摄像头,乐橙官方旗舰店,1 台,189,20,乐橙,"乐橙门口猫眼摄像头 Lite 面向养宠家庭,有老人家庭，适合宠物看护,老人看护,门口监控场景，可作为智能摄像头类目的主推商品。",移动追踪；本地存储；异常声音提醒；双向语音,宠物看护；老人看护；门口监控,养宠家庭；有老人家庭,Lite；养宠家庭；双向语音；宠物看护；异常声音提醒；智能摄像头；有老人家庭；本地存储；移动追踪；老人看护；门口监控,4.5,272,5200,0.98,免安装或简单安装,七天无理由，整机一年质保，支持在线客服,小度；涂鸦智能
35,乐橙云台摄像机 Plus,智能摄像头,乐橙授权专卖店,1 台,399,189,乐橙,"乐橙云台摄像机 Plus 面向上班族,有老人家庭，适合宠物看护,家庭安防,门口监控场景，可作为智能摄像头类目的主推商品。",双向语音；夜视增强；云台巡航；移动追踪,宠物看护；家庭安防；门口监控,上班族；有老人家庭,Plus；上班族；云台巡航；双向语音；夜视增强；宠物看护；家庭安防；智能摄像头；有老人家庭；移动追踪；门口监控,4.5,2653,16296,0.98,免安装或简单安装,七天无理由，整机一年质保，支持在线客服,米家；小度；Aqara Home
36,乐橙双摄追踪摄像机 Plus,智能摄像头,乐橙生态链旗舰店,1 台,349,230,乐橙,"乐橙双摄追踪摄像机 Plus 面向新手爸妈,养宠家庭，适合宠物看护,老人看护,家庭安防场景，可作为智能摄像头类目的主推商品。",移动追踪；云台巡航；本地存储；异常声音提醒,宠物看护；老人看护；家庭安防,新手爸妈；养宠家庭,Plus；云台巡航；养宠家庭；宠物看护；家庭安防；异常声音提醒；新手爸妈；智能摄像头；本地存储；移动追踪；老人看护,4.5,3720,31243,0.98,免安装或简单安装,七天无理由，整机一年质保，支持在线客服,天猫精灵；涂鸦智能；Apple HomeKit；Aqara Home
37,Aqara门窗传感器 Plus,智能传感器,Aqara生态链旗舰店,1 个,179,81,Aqara,"Aqara门窗传感器 Plus 面向厨房用户,有老人家庭，适合老人看护,厨房安全,全屋智能场景，可作为智能传感器类目的主推商品。",App 推送；异常告警；免布线安装；低功耗,老人看护；厨房安全；全屋智能,厨房用户；有老人家庭,App 推送；Plus；低功耗；免布线安装；全屋智能；厨房安全；厨房用户；异常告警；智能传感器；有老人家庭；老人看护,4.6,2330,8628,0.98,免安装或简单安装,七天无理由，整机一年质保，支持在线客服,小度；米家；天猫精灵；Aqara Home
38,Aqara烟雾报警器 Plus,智能传感器,Aqara生态链旗舰店,1 个,139,255,Aqara,"Aqara烟雾报警器 Plus 面向智能家居入门用户,有老人家庭，适合家庭安防,厨房安全,老人看护场景，可作为智能传感器类目的主推商品。",App 推送；低功耗；异常告警；场景自动化,家庭安防；厨房安全；老人看护,智能家居入门用户；有老人家庭,App 推送；Plus；低功耗；厨房安全；场景自动化；家庭安防；异常告警；智能传感器；智能家居入门用户；有老人家庭；老人看护,4.8,240,32201,0.98,免安装或简单安装,七天无理由，整机一年质保，支持在线客服,涂鸦智能；Aqara Home；米家；华为鸿蒙智联
39,Aqara水浸传感器 Lite,智能传感器,Aqara授权专卖店,1 个,79,130,Aqara,"Aqara水浸传感器 Lite 面向智能家居入门用户,厨房用户，适合家庭安防,老人看护,全屋智能场景，可作为智能传感器类目的主推商品。",免布线安装；异常告警；场景自动化；联动提醒,家庭安防；老人看护；全屋智能,智能家居入门用户；厨房用户,Lite；免布线安装；全屋智能；厨房用户；场景自动化；家庭安防；异常告警；智能传感器；智能家居入门用户；老人看护；联动提醒,4.3,4142,28037,0.98,免安装或简单安装,七天无理由，整机一年质保，支持在线客服,Apple HomeKit；Aqara Home；涂鸦智能
40,米家水浸传感器 Max,智能传感器,米家授权专卖店,1 个,279,221,米家,"米家水浸传感器 Max 面向厨房用户,新房装修，适合老人看护,家庭安防,全屋智能场景，可作为智能传感器类目的主推商品。",低功耗；免布线安装；App 推送；场景自动化,老人看护；家庭安防；全屋智能,厨房用户；新房装修,App 推送；Max；低功耗；免布线安装；全屋智能；厨房用户；场景自动化；家庭安防；新房装修；智能传感器；老人看护,4.5,2337,377,0.906,免安装或简单安装,七天无理由，整机一年质保，支持在线客服,天猫精灵；华为鸿蒙智联；Apple HomeKit
41,米家烟雾报警器 Pro,智能传感器,米家智能生活专营店,1 个,219,168,米家,"米家烟雾报警器 Pro 面向智能家居入门用户,有老人家庭，适合家庭安防,全屋智能,老人看护场景，可作为智能传感器类目的主推商品。",低功耗；App 推送；异常告警；免布线安装,家庭安防；全屋智能；老人看护,智能家居入门用户；有老人家庭,App 推送；Pro；低功耗；免布线安装；全屋智能；家庭安防；异常告警；智能传感器；智能家居入门用户；有老人家庭；老人看护,4.3,218,35972,0.98,免安装或简单安装,七天无理由，整机一年质保，支持在线客服,天猫精灵；涂鸦智能
42,米家人体传感器 Pro,智能传感器,米家智能生活专营店,1 个,239,45,米家,"米家人体传感器 Pro 面向智能家居入门用户,厨房用户，适合家庭安防,全屋智能,老人看护场景，可作为智能传感器类目的主推商品。",免布线安装；场景自动化；联动提醒；低功耗,家庭安防；全屋智能；老人看护,智能家居入门用户；厨房用户,Pro；低功耗；免布线安装；全屋智能；厨房用户；场景自动化；家庭安防；智能传感器；智能家居入门用户；老人看护；联动提醒,4.7,802,1352,0.943,免安装或简单安装,七天无理由，整机一年质保，支持在线客服,米家；天猫精灵；华为鸿蒙智联；涂鸦智能
43,绿米人体传感器 Plus,智能传感器,绿米生态链旗舰店,1 个,169,27,绿米,"绿米人体传感器 Plus 面向智能家居入门用户,新房装修，适合全屋智能,老人看护,厨房安全场景，可作为智能传感器类目的主推商品。",联动提醒；场景自动化；免布线安装；异常告警,全屋智能；老人看护；厨房安全,智能家居入门用户；新房装修,Plus；免布线安装；全屋智能；厨房安全；场景自动化；异常告警；新房装修；智能传感器；智能家居入门用户；老人看护；联动提醒,4.7,4605,15005,0.98,免安装或简单安装,七天无理由，整机一年质保，支持在线客服,天猫精灵；Aqara Home
44,绿米燃气报警器 Max,智能传感器,绿米官方旗舰店,1 个,259,260,绿米,"绿米燃气报警器 Max 面向厨房用户,新房装修，适合老人看护,家庭安防,全屋智能场景，可作为智能传感器类目的主推商品。",异常告警；App 推送；低功耗；联动提醒,老人看护；家庭安防；全屋智能,厨房用户；新房装修,App 推送；Max；低功耗；全屋智能；厨房用户；家庭安防；异常告警；新房装修；智能传感器；老人看护；联动提醒,4.4,2357,14899,0.98,免安装或简单安装,七天无理由，整机一年质保，支持在线客服,华为鸿蒙智联；天猫精灵；Matter
45,绿米烟雾报警器 Max,智能传感器,绿米官方旗舰店,1 个,259,123,绿米,"绿米烟雾报警器 Max 面向新房装修,厨房用户，适合家庭安防,老人看护,厨房安全场景，可作为智能传感器类目的主推商品。",App 推送；联动提醒；场景自动化；低功耗,家庭安防；老人看护；厨房安全,新房装修；厨房用户,App 推送；Max；低功耗；厨房安全；厨房用户；场景自动化；家庭安防；新房装修；智能传感器；老人看护；联动提醒,4.8,4202,33343,0.98,免安装或简单安装,七天无理由，整机一年质保，支持在线客服,小度；Apple HomeKit；Matter
46,海康威视燃气报警器 Lite,智能传感器,海康威视智能生活专营店,1 个,89,162,海康威视,"海康威视燃气报警器 Lite 面向新房装修,智能家居入门用户，适合全屋智能,厨房安全,家庭安防场景，可作为智能传感器类目的主推商品。",异常告警；App 推送；免布线安装；场景自动化,全屋智能；厨房安全；家庭安防,新房装修；智能家居入门用户,App 推送；Lite；免布线安装；全屋智能；厨房安全；场景自动化；家庭安防；异常告警；新房装修；智能传感器；智能家居入门用户,4.8,158,256,0.934,免安装或简单安装,七天无理由，整机一年质保，支持在线客服,小度；华为鸿蒙智联；Matter
47,海康威视门窗传感器 Pro,智能传感器,海康威视官方旗舰店,1 个,229,136,海康威视,"海康威视门窗传感器 Pro 面向新房装修,智能家居入门用户，适合老人看护,全屋智能,家庭安防场景，可作为智能传感器类目的主推商品。",场景自动化；异常告警；联动提醒；免布线安装,老人看护；全屋智能；家庭安防,新房装修；智能家居入门用户,Pro；免布线安装；全屋智能；场景自动化；家庭安防；异常告警；新房装修；智能传感器；智能家居入门用户；老人看护；联动提醒,4.6,3645,22153,0.98,免安装或简单安装,七天无理由，整机一年质保，支持在线客服,小度；涂鸦智能
48,海康威视人体传感器 Max,智能传感器,海康威视生态链旗舰店,1 个,289,79,海康威视,"海康威视人体传感器 Max 面向有老人家庭,厨房用户，适合老人看护,厨房安全,家庭安防场景，可作为智能传感器类目的主推商品。",App 推送；异常告警；场景自动化；联动提醒,老人看护；厨房安全；家庭安防,有老人家庭；厨房用户,App 推送；Max；厨房安全；厨房用户；场景自动化；家庭安防；异常告警；智能传感器；有老人家庭；老人看护；联动提醒,4.6,1149,24946,0.98,免安装或简单安装,七天无理由，整机一年质保，支持在线客服,华为鸿蒙智联；天猫精灵
49,涂鸦燃气报警器 Lite,智能传感器,涂鸦智能生活专营店,1 个,99,50,涂鸦,"涂鸦燃气报警器 Lite 面向有老人家庭,智能家居入门用户，适合厨房安全,家庭安防,全屋智能场景，可作为智能传感器类目的主推商品。",异常告警；App 推送；联动提醒；场景自动化,厨房安全；家庭安防；全屋智能,有老人家庭；智能家居入门用户,App 推送；Lite；全屋智能；厨房安全；场景自动化；家庭安防；异常告警；智能传感器；智能家居入门用户；有老人家庭；联动提醒,4.4,3768,18535,0.98,免安装或简单安装,七天无理由，整机一年质保，支持在线客服,小度；Aqara Home；华为鸿蒙智联；天猫精灵
50,涂鸦烟雾报警器 Pro,智能传感器,涂鸦官方旗舰店,1 个,249,81,涂鸦,"涂鸦烟雾报警器 Pro 面向有老人家庭,智能家居入门用户，适合老人看护,厨房安全,全屋智能场景，可作为智能传感器类目的主推商品。",场景自动化；联动提醒；异常告警；低功耗,老人看护；厨房安全；全屋智能,有老人家庭；智能家居入门用户,Pro；低功耗；全屋智能；厨房安全；场景自动化；异常告警；智能传感器；智能家居入门用户；有老人家庭；老人看护；联动提醒,4.5,4602,27429,0.98,免安装或简单安装,七天无理由，整机一年质保，支持在线客服,天猫精灵；华为鸿蒙智联；Aqara Home；小度
51,涂鸦水浸传感器 Lite,智能传感器,涂鸦授权专卖店,1 个,49,85,涂鸦,"涂鸦水浸传感器 Lite 面向新房装修,智能家居入门用户，适合老人看护,全屋智能,家庭安防场景，可作为智能传感器类目的主推商品。",场景自动化；低功耗；异常告警；免布线安装,老人看护；全屋智能；家庭安防,新房装修；智能家居入门用户,Lite；低功耗；免布线安装；全屋智能；场景自动化；家庭安防；异常告警；新房装修；智能传感器；智能家居入门用户；老人看护,4.4,4010,2501,0.932,免安装或简单安装,七天无理由，整机一年质保，支持在线客服,Aqara Home；Matter；华为鸿蒙智联
52,欧瑞博水浸传感器 Plus,智能传感器,欧瑞博授权专卖店,1 个,119,166,欧瑞博,"欧瑞博水浸传感器 Plus 面向智能家居入门用户,厨房用户，适合全屋智能,厨房安全,家庭安防场景，可作为智能传感器类目的主推商品。",低功耗；异常告警；免布线安装；场景自动化,全屋智能；厨房安全；家庭安防,智能家居入门用户；厨房用户,Plus；低功耗；免布线安装；全屋智能；厨房安全；厨房用户；场景自动化；家庭安防；异常告警；智能传感器；智能家居入门用户,4.8,1948,29137,0.98,免安装或简单安装,七天无理由，整机一年质保，支持在线客服,Aqara Home；小度；涂鸦智能
53,欧瑞博烟雾报警器 Plus,智能传感器,欧瑞博授权专卖店,1 个,179,145,欧瑞博,"欧瑞博烟雾报警器 Plus 面向新房装修,有老人家庭，适合全屋智能,厨房安全,老人看护场景，可作为智能传感器类目的主推商品。",低功耗；免布线安装；场景自动化；App 推送,全屋智能；厨房安全；老人看护,新房装修；有老人家庭,App 推送；Plus；低功耗；免布线安装；全屋智能；厨房安全；场景自动化；新房装修；智能传感器；有老人家庭；老人看护,4.5,2774,20823,0.98,免安装或简单安装,七天无理由，整机一年质保，支持在线客服,华为鸿蒙智联；涂鸦智能；Matter；天猫精灵
54,欧瑞博门窗传感器 Pro,智能传感器,欧瑞博官方旗舰店,1 个,219,17,欧瑞博,"欧瑞博门窗传感器 Pro 面向新房装修,厨房用户，适合全屋智能,家庭安防,老人看护场景，可作为智能传感器类目的主推商品。",异常告警；App 推送；联动提醒；低功耗,全屋智能；家庭安防；老人看护,新房装修；厨房用户,App 推送；Pro；低功耗；全屋智能；厨房用户；家庭安防；异常告警；新房装修；智能传感器；老人看护；联动提醒,4.4,2149,4601,0.967,免安装或简单安装,七天无理由，整机一年质保，支持在线客服,小度；米家；天猫精灵；涂鸦智能
55,Yeelight护眼台灯 Pro,智能灯具,Yeelight生态链旗舰店,1 盏,899,163,Yeelight,"Yeelight护眼台灯 Pro 面向新房装修,睡眠敏感人群，适合客厅氛围,卧室助眠,儿童学习场景，可作为智能灯具类目的主推商品。",语音控制；定时开关；色温调节；无极调光,客厅氛围；卧室助眠；儿童学习,新房装修；睡眠敏感人群,Pro；儿童学习；卧室助眠；定时开关；客厅氛围；新房装修；无极调光；智能灯具；睡眠敏感人群；色温调节；语音控制,4.2,2685,8138,0.98,免安装或简单安装,七天无理由，整机一年质保，支持在线客服,涂鸦智能；小度
56,Yeelight智能筒灯 Lite,智能灯具,Yeelight智能生活专营店,1 盏,269,241,Yeelight,"Yeelight智能筒灯 Lite 面向睡眠敏感人群,新房装修，适合全屋智能,卧室助眠,客厅氛围场景，可作为智能灯具类目的主推商品。",无极调光；场景联动；护眼模式；定时开关,全屋智能；卧室助眠；客厅氛围,睡眠敏感人群；新房装修,Lite；全屋智能；卧室助眠；场景联动；定时开关；客厅氛围；护眼模式；新房装修；无极调光；智能灯具；睡眠敏感人群,4.3,4218,9356,0.98,免安装或简单安装,七天无理由，整机一年质保，支持在线客服,天猫精灵；Apple HomeKit；Matter
57,Yeelight智能吸顶灯 Max,智能灯具,Yeelight智能生活专营店,1 盏,1199,225,Yeelight,"Yeelight智能吸顶灯 Max 面向睡眠敏感人群,租房人群，适合卧室助眠,客厅氛围,全屋智能场景，可作为智能灯具类目的主推商品。",无极调光；色温调节；定时开关；护眼模式,卧室助眠；客厅氛围；全屋智能,睡眠敏感人群；租房人群,Max；全屋智能；卧室助眠；定时开关；客厅氛围；护眼模式；无极调光；智能灯具；睡眠敏感人群；租房人群；色温调节,4.5,1042,15333,0.98,免安装或简单安装,七天无理由，整机一年质保，支持在线客服,天猫精灵；Aqara Home；华为鸿蒙智联
58,米家智能筒灯 Plus,智能灯具,米家官方旗舰店,1 盏,599,206,米家,"米家智能筒灯 Plus 面向租房人群,学生家庭，适合全屋智能,客厅氛围,卧室助眠场景，可作为智能灯具类目的主推商品。",色温调节；护眼模式；无极调光；场景联动,全屋智能；客厅氛围；卧室助眠,租房人群；学生家庭,Plus；全屋智能；卧室助眠；场景联动；学生家庭；客厅氛围；护眼模式；无极调光；智能灯具；租房人群；色温调节,4.5,689,4209,0.97,免安装或简单安装,七天无理由，整机一年质保，支持在线客服,天猫精灵；涂鸦智能；Apple HomeKit
59,米家客厅主灯 Max,智能灯具,米家官方旗舰店,1 盏,1249,218,米家,"米家客厅主灯 Max 面向睡眠敏感人群,学生家庭，适合儿童学习,卧室助眠,客厅氛围场景，可作为智能灯具类目的主推商品。",定时开关；色温调节；场景联动；无极调光,儿童学习；卧室助眠；客厅氛围,睡眠敏感人群；学生家庭,Max；儿童学习；卧室助眠；场景联动；学生家庭；定时开关；客厅氛围；无极调光；智能灯具；睡眠敏感人群；色温调节,4.8,591,19615,0.98,免安装或简单安装,七天无理由，整机一年质保，支持在线客服,Aqara Home；小度
60,米家智能吸顶灯 Lite,智能灯具,米家生态链旗舰店,1 盏,249,174,米家,"米家智能吸顶灯 Lite 面向学生家庭,租房人群，适合全屋智能,儿童学习,客厅氛围场景，可作为智能灯具类目的主推商品。",语音控制；无极调光；定时开关；场景联动,全屋智能；儿童学习；客厅氛围,学生家庭；租房人群,Lite；儿童学习；全屋智能；场景联动；学生家庭；定时开关；客厅氛围；无极调光；智能灯具；租房人群；语音控制,4.4,2372,17741,0.98,免安装或简单安装,七天无理由，整机一年质保，支持在线客服,Apple HomeKit；Aqara Home
61,欧普床头阅读灯 Lite,智能灯具,欧普智能生活专营店,1 盏,199,113,欧普,"欧普床头阅读灯 Lite 面向学生家庭,租房人群，适合卧室助眠,客厅氛围,儿童学习场景，可作为智能灯具类目的主推商品。",场景联动；护眼模式；色温调节；定时开关,卧室助眠；客厅氛围；儿童学习,学生家庭；租房人群,Lite；儿童学习；卧室助眠；场景联动；学生家庭；定时开关；客厅氛围；护眼模式；智能灯具；租房人群；色温调节,4.8,2000,18833,0.98,免安装或简单安装,七天无理由，整机一年质保，支持在线客服,涂鸦智能；Apple HomeKit
62,欧普护眼台灯 Plus,智能灯具,欧普智能生活专营店,1 盏,499,236,欧普,"欧普护眼台灯 Plus 面向新房装修,睡眠敏感人群，适合全屋智能,卧室助眠,儿童学习场景，可作为智能灯具类目的主推商品。",无极调光；语音控制；护眼模式；场景联动,全屋智能；卧室助眠；儿童学习,新房装修；睡眠敏感人群,Plus；儿童学习；全屋智能；卧室助眠；场景联动；护眼模式；新房装修；无极调光；智能灯具；睡眠敏感人群；语音控制,4.4,3646,17104,0.98,免安装或简单安装,七天无理由，整机一年质保，支持在线客服,Apple HomeKit；小度；Matter；天猫精灵
63,欧普氛围灯带 Plus,智能灯具,欧普官方旗舰店,1 盏,449,217,欧普,"欧普氛围灯带 Plus 面向睡眠敏感人群,租房人群，适合儿童学习,客厅氛围,卧室助眠场景，可作为智能灯具类目的主推商品。",定时开关；无极调光；护眼模式；场景联动,儿童学习；客厅氛围；卧室助眠,睡眠敏感人群；租房人群,Plus；儿童学习；卧室助眠；场景联动；定时开关；客厅氛围；护眼模式；无极调光；智能灯具；睡眠敏感人群；租房人群,4.7,2443,12474,0.98,免安装或简单安装,七天无理由，整机一年质保，支持在线客服,天猫精灵；华为鸿蒙智联
64,雷士氛围灯带 Pro,智能灯具,雷士官方旗舰店,1 盏,949,150,雷士,"雷士氛围灯带 Pro 面向学生家庭,新房装修，适合客厅氛围,全屋智能,卧室助眠场景，可作为智能灯具类目的主推商品。",场景联动；语音控制；无极调光；护眼模式,客厅氛围；全屋智能；卧室助眠,学生家庭；新房装修,Pro；全屋智能；卧室助眠；场景联动；学生家庭；客厅氛围；护眼模式；新房装修；无极调光；智能灯具；语音控制,4.8,4180,23401,0.98,免安装或简单安装,七天无理由，整机一年质保，支持在线客服,华为鸿蒙智联；米家；Matter；涂鸦智能
65,雷士床头阅读灯 Plus,智能灯具,雷士授权专卖店,1 盏,599,224,雷士,"雷士床头阅读灯 Plus 面向学生家庭,新房装修，适合儿童学习,卧室助眠,客厅氛围场景，可作为智能灯具类目的主推商品。",无极调光；定时开关；语音控制；场景联动,儿童学习；卧室助眠；客厅氛围,学生家庭；新房装修,Plus；儿童学习；卧室助眠；场景联动；学生家庭；定时开关；客厅氛围；新房装修；无极调光；智能灯具；语音控制,4.9,2836,13547,0.98,免安装或简单安装,七天无理由，整机一年质保，支持在线客服,米家；小度
66,雷士智能吸顶灯 Plus,智能灯具,雷士生态链旗舰店,1 盏,799,101,雷士,"雷士智能吸顶灯 Plus 面向租房人群,学生家庭，适合全屋智能,客厅氛围,儿童学习场景，可作为智能灯具类目的主推商品。",色温调节；无极调光；语音控制；护眼模式,全屋智能；客厅氛围；儿童学习,租房人群；学生家庭,Plus；儿童学习；全屋智能；学生家庭；客厅氛围；护眼模式；无极调光；智能灯具；租房人群；色温调节；语音控制,4.8,3826,25008,0.98,免安装或简单安装,七天无理由，整机一年质保，支持在线客服,Apple HomeKit；涂鸦智能
67,飞利浦氛围灯带 Plus,智能灯具,飞利浦官方旗舰店,1 盏,749,25,飞利浦,"飞利浦氛围灯带 Plus 面向学生家庭,租房人群，适合卧室助眠,客厅氛围,儿童学习场景，可作为智能灯具类目的主推商品。",定时开关；语音控制；场景联动；色温调节,卧室助眠；客厅氛围；儿童学习,学生家庭；租房人群,Plus；儿童学习；卧室助眠；场景联动；学生家庭；定时开关；客厅氛围；智能灯具；租房人群；色温调节；语音控制,4.8,2576,14012,0.98,免安装或简单安装,七天无理由，整机一年质保，支持在线客服,小度；Matter；涂鸦智能
68,飞利浦床头阅读灯 Max,智能灯具,飞利浦授权专卖店,1 盏,1149,135,飞利浦,"飞利浦床头阅读灯 Max 面向新房装修,学生家庭，适合全屋智能,客厅氛围,卧室助眠场景，可作为智能灯具类目的主推商品。",护眼模式；语音控制；定时开关；色温调节,全屋智能；客厅氛围；卧室助眠,新房装修；学生家庭,Max；全屋智能；卧室助眠；学生家庭；定时开关；客厅氛围；护眼模式；新房装修；智能灯具；色温调节；语音控制,4.7,812,1256,0.941,免安装或简单安装,七天无理由，整机一年质保，支持在线客服,小度；Aqara Home
69,飞利浦客厅主灯 Pro,智能灯具,飞利浦官方旗舰店,1 盏,999,218,飞利浦,"飞利浦客厅主灯 Pro 面向学生家庭,睡眠敏感人群，适合儿童学习,全屋智能,卧室助眠场景，可作为智能灯具类目的主推商品。",语音控制；场景联动；无极调光；色温调节,儿童学习；全屋智能；卧室助眠,学生家庭；睡眠敏感人群,Pro；儿童学习；全屋智能；卧室助眠；场景联动；学生家庭；无极调光；智能灯具；睡眠敏感人群；色温调节；语音控制,4.9,4334,6708,0.98,免安装或简单安装,七天无理由，整机一年质保，支持在线客服,小度；Aqara Home
70,Aqara客厅主灯 Lite,智能灯具,Aqara官方旗舰店,1 盏,239,182,Aqara,"Aqara客厅主灯 Lite 面向学生家庭,睡眠敏感人群，适合全屋智能,卧室助眠,儿童学习场景，可作为智能灯具类目的主推商品。",语音控制；无极调光；定时开关；场景联动,全屋智能；卧室助眠；儿童学习,学生家庭；睡眠敏感人群,Lite；儿童学习；全屋智能；卧室助眠；场景联动；学生家庭；定时开关；无极调光；智能灯具；睡眠敏感人群；语音控制,4.4,3049,23501,0.98,免安装或简单安装,七天无理由，整机一年质保，支持在线客服,天猫精灵；涂鸦智能
71,Aqara床头阅读灯 Plus,智能灯具,Aqara授权专卖店,1 盏,699,49,Aqara,"Aqara床头阅读灯 Plus 面向新房装修,学生家庭，适合儿童学习,全屋智能,卧室助眠场景，可作为智能灯具类目的主推商品。",护眼模式；色温调节；场景联动；无极调光,儿童学习；全屋智能；卧室助眠,新房装修；学生家庭,Plus；儿童学习；全屋智能；卧室助眠；场景联动；学生家庭；护眼模式；新房装修；无极调光；智能灯具；色温调节,4.5,1321,15789,0.98,免安装或简单安装,七天无理由，整机一年质保，支持在线客服,小度；华为鸿蒙智联
72,Aqara智能筒灯 Plus,智能灯具,Aqara生态链旗舰店,1 盏,799,212,Aqara,"Aqara智能筒灯 Plus 面向睡眠敏感人群,学生家庭，适合客厅氛围,卧室助眠,全屋智能场景，可作为智能灯具类目的主推商品。",场景联动；定时开关；色温调节；护眼模式,客厅氛围；卧室助眠；全屋智能,睡眠敏感人群；学生家庭,Plus；全屋智能；卧室助眠；场景联动；学生家庭；定时开关；客厅氛围；护眼模式；智能灯具；睡眠敏感人群；色温调节,4.4,3127,35712,0.98,免安装或简单安装,七天无理由，整机一年质保，支持在线客服,小度；Matter；涂鸦智能；Apple HomeKit
73,公牛空调伴侣 Pro,智能插座,公牛官方旗舰店,1 个,219,63,公牛,"公牛空调伴侣 Pro 面向节能用户,租房人群，适合节能用电,租房改造,全屋智能场景，可作为智能插座类目的主推商品。",过载保护；语音控制；节能提醒；用电统计,节能用电；租房改造；全屋智能,节能用户；租房人群,Pro；全屋智能；智能插座；用电统计；租房人群；租房改造；节能提醒；节能用户；节能用电；语音控制；过载保护,4.4,2945,2730,0.936,免安装或简单安装,七天无理由，整机一年质保，支持在线客服,Aqara Home；华为鸿蒙智联；小度
74,公牛迷你智能插座 Lite,智能插座,公牛生态链旗舰店,1 个,99,52,公牛,"公牛迷你智能插座 Lite 面向租房人群,节能用户，适合节能用电,租房改造,全屋智能场景，可作为智能插座类目的主推商品。",过载保护；节能提醒；用电统计；定时控制,节能用电；租房改造；全屋智能,租房人群；节能用户,Lite；全屋智能；定时控制；智能插座；用电统计；租房人群；租房改造；节能提醒；节能用户；节能用电；过载保护,4.2,1064,24469,0.98,免安装或简单安装,七天无理由，整机一年质保，支持在线客服,小度；涂鸦智能
75,公牛计量插座 Lite,智能插座,公牛授权专卖店,1 个,59,125,公牛,"公牛计量插座 Lite 面向租房人群,节能用户，适合租房改造,家电控制,节能用电场景，可作为智能插座类目的主推商品。",远程断电；定时控制；过载保护；语音控制,租房改造；家电控制；节能用电,租房人群；节能用户,Lite；定时控制；家电控制；智能插座；租房人群；租房改造；节能用户；节能用电；语音控制；过载保护；远程断电,4.2,2925,9313,0.98,免安装或简单安装,七天无理由，整机一年质保，支持在线客服,小度；Matter；Aqara Home
76,米家计量插座 Lite,智能插座,米家智能生活专营店,1 个,39,101,米家,"米家计量插座 Lite 面向租房人群,家电多的家庭，适合全屋智能,家电控制,节能用电场景，可作为智能插座类目的主推商品。",远程断电；用电统计；节能提醒；过载保护,全屋智能；家电控制；节能用电,租房人群；家电多的家庭,Lite；全屋智能；家电多的家庭；家电控制；智能插座；用电统计；租房人群；节能提醒；节能用电；过载保护；远程断电,4.2,2754,17282,0.98,免安装或简单安装,七天无理由，整机一年质保，支持在线客服,涂鸦智能；Matter；Apple HomeKit；华为鸿蒙智联
77,米家WiFi 智能插座 Plus,智能插座,米家生态链旗舰店,1 个,139,59,米家,"米家WiFi 智能插座 Plus 面向家电多的家庭,智能家居入门用户，适合租房改造,全屋智能,家电控制场景，可作为智能插座类目的主推商品。",远程断电；定时控制；用电统计；过载保护,租房改造；全屋智能；家电控制,家电多的家庭；智能家居入门用户,Plus；全屋智能；定时控制；家电多的家庭；家电控制；智能家居入门用户；智能插座；用电统计；租房改造；过载保护；远程断电,4.7,701,6480,0.98,免安装或简单安装,七天无理由，整机一年质保，支持在线客服,华为鸿蒙智联；涂鸦智能
78,米家大功率插座 Lite,智能插座,米家官方旗舰店,1 个,69,56,米家,"米家大功率插座 Lite 面向家电多的家庭,智能家居入门用户，适合租房改造,节能用电,全屋智能场景，可作为智能插座类目的主推商品。",用电统计；定时控制；节能提醒；过载保护,租房改造；节能用电；全屋智能,家电多的家庭；智能家居入门用户,Lite；全屋智能；定时控制；家电多的家庭；智能家居入门用户；智能插座；用电统计；租房改造；节能提醒；节能用电；过载保护,4.5,2955,31898,0.98,免安装或简单安装,七天无理由，整机一年质保，支持在线客服,Aqara Home；华为鸿蒙智联；天猫精灵；Matter
79,Aqara计量插座 Plus,智能插座,Aqara智能生活专营店,1 个,149,48,Aqara,"Aqara计量插座 Plus 面向节能用户,租房人群，适合租房改造,家电控制,节能用电场景，可作为智能插座类目的主推商品。",用电统计；节能提醒；定时控制；过载保护,租房改造；家电控制；节能用电,节能用户；租房人群,Plus；定时控制；家电控制；智能插座；用电统计；租房人群；租房改造；节能提醒；节能用户；节能用电；过载保护,4.7,2762,33889,0.98,免安装或简单安装,七天无理由，整机一年质保，支持在线客服,Matter；小度
80,AqaraWiFi 智能插座 Max,智能插座,Aqara官方旗舰店,1 个,279,63,Aqara,"AqaraWiFi 智能插座 Max 面向节能用户,智能家居入门用户，适合租房改造,节能用电,全屋智能场景，可作为智能插座类目的主推商品。",过载保护；定时控制；节能提醒；用电统计,租房改造；节能用电；全屋智能,节能用户；智能家居入门用户,Max；全屋智能；定时控制；智能家居入门用户；智能插座；用电统计；租房改造；节能提醒；节能用户；节能用电；过载保护,4.5,2422,11765,0.98,免安装或简单安装,七天无理由，整机一年质保，支持在线客服,天猫精灵；小度；Apple HomeKit；华为鸿蒙智联
81,Aqara大功率插座 Lite,智能插座,Aqara智能生活专营店,1 个,99,64,Aqara,"Aqara大功率插座 Lite 面向智能家居入门用户,家电多的家庭，适合租房改造,全屋智能,节能用电场景，可作为智能插座类目的主推商品。",用电统计；节能提醒；定时控制；远程断电,租房改造；全屋智能；节能用电,智能家居入门用户；家电多的家庭,Lite；全屋智能；定时控制；家电多的家庭；智能家居入门用户；智能插座；用电统计；租房改造；节能提醒；节能用电；远程断电,4.4,1345,6033,0.98,免安装或简单安装,七天无理由，整机一年质保，支持在线客服,Matter；华为鸿蒙智联；米家；涂鸦智能
82,华为智选智能排插 Max,智能插座,华为智选授权专卖店,1 个,259,39,华为智选,"华为智选智能排插 Max 面向节能用户,智能家居入门用户，适合全屋智能,租房改造,家电控制场景，可作为智能插座类目的主推商品。",远程断电；节能提醒；用电统计；过载保护,全屋智能；租房改造；家电控制,节能用户；智能家居入门用户,Max；全屋智能；家电控制；智能家居入门用户；智能插座；用电统计；租房改造；节能提醒；节能用户；过载保护；远程断电,4.9,3803,20077,0.98,免安装或简单安装,七天无理由，整机一年质保，支持在线客服,华为鸿蒙智联；Aqara Home；Apple HomeKit；米家
83,华为智选空调伴侣 Plus,智能插座,华为智选官方旗舰店,1 个,199,110,华为智选,"华为智选空调伴侣 Plus 面向租房人群,家电多的家庭，适合全屋智能,节能用电,租房改造场景，可作为智能插座类目的主推商品。",远程断电；定时控制；用电统计；语音控制,全屋智能；节能用电；租房改造,租房人群；家电多的家庭,Plus；全屋智能；定时控制；家电多的家庭；智能插座；用电统计；租房人群；租房改造；节能用电；语音控制；远程断电,4.5,2443,32676,0.98,免安装或简单安装,七天无理由，整机一年质保，支持在线客服,小度；米家；Aqara Home；Matter
84,华为智选WiFi 智能插座 Plus,智能插座,华为智选智能生活专营店,1 个,189,233,华为智选,"华为智选WiFi 智能插座 Plus 面向家电多的家庭,节能用户，适合租房改造,全屋智能,家电控制场景，可作为智能插座类目的主推商品。",节能提醒；用电统计；过载保护；语音控制,租房改造；全屋智能；家电控制,家电多的家庭；节能用户,Plus；全屋智能；家电多的家庭；家电控制；智能插座；用电统计；租房改造；节能提醒；节能用户；语音控制；过载保护,4.2,3634,19826,0.98,免安装或简单安装,七天无理由，整机一年质保，支持在线客服,Apple HomeKit；Aqara Home；天猫精灵；涂鸦智能
85,涂鸦迷你智能插座 Plus,智能插座,涂鸦授权专卖店,1 个,119,26,涂鸦,"涂鸦迷你智能插座 Plus 面向家电多的家庭,智能家居入门用户，适合租房改造,家电控制,全屋智能场景，可作为智能插座类目的主推商品。",过载保护；定时控制；用电统计；远程断电,租房改造；家电控制；全屋智能,家电多的家庭；智能家居入门用户,Plus；全屋智能；定时控制；家电多的家庭；家电控制；智能家居入门用户；智能插座；用电统计；租房改造；过载保护；远程断电,4.6,4528,1482,0.935,免安装或简单安装,七天无理由，整机一年质保，支持在线客服,天猫精灵；小度；Matter；Apple HomeKit
86,涂鸦计量插座 Plus,智能插座,涂鸦生态链旗舰店,1 个,119,16,涂鸦,"涂鸦计量插座 Plus 面向智能家居入门用户,家电多的家庭，适合家电控制,节能用电,租房改造场景，可作为智能插座类目的主推商品。",节能提醒；语音控制；用电统计；定时控制,家电控制；节能用电；租房改造,智能家居入门用户；家电多的家庭,Plus；定时控制；家电多的家庭；家电控制；智能家居入门用户；智能插座；用电统计；租房改造；节能提醒；节能用电；语音控制,4.7,3163,7385,0.98,免安装或简单安装,七天无理由，整机一年质保，支持在线客服,Apple HomeKit；米家；涂鸦智能；天猫精灵
87,涂鸦智能排插 Plus,智能插座,涂鸦生态链旗舰店,1 个,129,111,涂鸦,"涂鸦智能排插 Plus 面向租房人群,节能用户，适合租房改造,节能用电,全屋智能场景，可作为智能插座类目的主推商品。",远程断电；语音控制；节能提醒；用电统计,租房改造；节能用电；全屋智能,租房人群；节能用户,Plus；全屋智能；智能插座；用电统计；租房人群；租房改造；节能提醒；节能用户；节能用电；语音控制；远程断电,4.8,1896,1848,0.961,免安装或简单安装,七天无理由，整机一年质保，支持在线客服,Matter；Apple HomeKit
88,欧瑞博空调伴侣 Lite,智能插座,欧瑞博授权专卖店,1 个,99,239,欧瑞博,"欧瑞博空调伴侣 Lite 面向智能家居入门用户,家电多的家庭，适合全屋智能,家电控制,租房改造场景，可作为智能插座类目的主推商品。",定时控制；过载保护；用电统计；节能提醒,全屋智能；家电控制；租房改造,智能家居入门用户；家电多的家庭,Lite；全屋智能；定时控制；家电多的家庭；家电控制；智能家居入门用户；智能插座；用电统计；租房改造；节能提醒；过载保护,4.4,258,2317,0.929,免安装或简单安装,七天无理由，整机一年质保，支持在线客服,Aqara Home；Matter
89,欧瑞博智能排插 Lite,智能插座,欧瑞博授权专卖店,1 个,109,53,欧瑞博,"欧瑞博智能排插 Lite 面向家电多的家庭,智能家居入门用户，适合租房改造,全屋智能,节能用电场景，可作为智能插座类目的主推商品。",定时控制；语音控制；过载保护；节能提醒,租房改造；全屋智能；节能用电,家电多的家庭；智能家居入门用户,Lite；全屋智能；定时控制；家电多的家庭；智能家居入门用户；智能插座；租房改造；节能提醒；节能用电；语音控制；过载保护,4.6,2007,20074,0.98,免安装或简单安装,七天无理由，整机一年质保，支持在线客服,Aqara Home；天猫精灵；华为鸿蒙智联
90,欧瑞博大功率插座 Max,智能插座,欧瑞博授权专卖店,1 个,289,176,欧瑞博,"欧瑞博大功率插座 Max 面向租房人群,节能用户，适合节能用电,家电控制,租房改造场景，可作为智能插座类目的主推商品。",语音控制；节能提醒；过载保护；远程断电,节能用电；家电控制；租房改造,租房人群；节能用户,Max；家电控制；智能插座；租房人群；租房改造；节能提醒；节能用户；节能用电；语音控制；过载保护；远程断电,4.6,2632,17885,0.98,免安装或简单安装,七天无理由，整机一年质保，支持在线客服,华为鸿蒙智联；天猫精灵；小度
91,Aqara零火智能开关 Max,智能开关,Aqara智能生活专营店,1 个,499,23,Aqara,"Aqara零火智能开关 Max 面向有老人家庭,复式户型，适合卧室控制,老人夜起,全屋智能场景，可作为智能开关类目的主推商品。",无线遥控；语音控制；多路控制；无需换灯,卧室控制；老人夜起；全屋智能,有老人家庭；复式户型,Max；全屋智能；卧室控制；复式户型；多路控制；无线遥控；无需换灯；智能开关；有老人家庭；老人夜起；语音控制,4.7,2958,31463,0.98,建议电工安装,七天无理由，整机一年质保，支持在线客服,天猫精灵；米家
92,Aqara多键智能开关 Plus,智能开关,Aqara官方旗舰店,1 个,209,243,Aqara,"Aqara多键智能开关 Plus 面向新房装修,复式户型，适合新房装修,卧室控制,全屋智能场景，可作为智能开关类目的主推商品。",多路控制；语音控制；场景联动；无线遥控,新房装修；卧室控制；全屋智能,新房装修；复式户型,Plus；全屋智能；卧室控制；场景联动；复式户型；多路控制；新房装修；无线遥控；智能开关；语音控制,4.3,2483,6363,0.98,建议电工安装,七天无理由，整机一年质保，支持在线客服,小度；涂鸦智能
93,Aqara场景面板 Lite,智能开关,Aqara生态链旗舰店,1 个,189,182,Aqara,"Aqara场景面板 Lite 面向新房装修,智能改造用户，适合全屋智能,新房装修,卧室控制场景，可作为智能开关类目的主推商品。",多路控制；状态记忆；无线遥控；场景联动,全屋智能；新房装修；卧室控制,新房装修；智能改造用户,Lite；全屋智能；卧室控制；场景联动；多路控制；新房装修；无线遥控；智能开关；智能改造用户；状态记忆,4.4,925,14934,0.98,建议电工安装,七天无理由，整机一年质保，支持在线客服,涂鸦智能；米家；华为鸿蒙智联
94,米家调光开关 Max,智能开关,米家生态链旗舰店,1 个,499,166,米家,"米家调光开关 Max 面向复式户型,新房装修，适合新房装修,全屋智能,老人夜起场景，可作为智能开关类目的主推商品。",无需换灯；语音控制；无线遥控；多路控制,新房装修；全屋智能；老人夜起,复式户型；新房装修,Max；全屋智能；复式户型；多路控制；新房装修；无线遥控；无需换灯；智能开关；老人夜起；语音控制,4.5,957,14010,0.98,建议电工安装,七天无理由，整机一年质保，支持在线客服,米家；Matter；小度；天猫精灵
95,米家场景面板 Pro,智能开关,米家生态链旗舰店,1 个,399,158,米家,"米家场景面板 Pro 面向智能改造用户,有老人家庭，适合老人夜起,全屋智能,卧室控制场景，可作为智能开关类目的主推商品。",无需换灯；多路控制；场景联动；语音控制,老人夜起；全屋智能；卧室控制,智能改造用户；有老人家庭,Pro；全屋智能；卧室控制；场景联动；多路控制；无需换灯；智能开关；智能改造用户；有老人家庭；老人夜起；语音控制,4.8,461,22927,0.98,建议电工安装,七天无理由，整机一年质保，支持在线客服,华为鸿蒙智联；小度；米家；Matter
96,米家单火智能开关 Max,智能开关,米家授权专卖店,1 个,499,99,米家,"米家单火智能开关 Max 面向智能改造用户,复式户型，适合全屋智能,新房装修,卧室控制场景，可作为智能开关类目的主推商品。",多路控制；语音控制；无线遥控；场景联动,全屋智能；新房装修；卧室控制,智能改造用户；复式户型,Max；全屋智能；卧室控制；场景联动；复式户型；多路控制；新房装修；无线遥控；智能开关；智能改造用户；语音控制,4.4,3395,15976,0.98,建议电工安装,七天无理由，整机一年质保，支持在线客服,米家；Apple HomeKit；华为鸿蒙智联；小度
97,欧瑞博单火智能开关 Max,智能开关,欧瑞博授权专卖店,1 个,449,192,欧瑞博,"欧瑞博单火智能开关 Max 面向新房装修,复式户型，适合卧室控制,全屋智能,新房装修场景，可作为智能开关类目的主推商品。",状态记忆；多路控制；场景联动；无需换灯,卧室控制；全屋智能；新房装修,新房装修；复式户型,Max；全屋智能；卧室控制；场景联动；复式户型；多路控制；新房装修；无需换灯；智能开关；状态记忆,4.6,1575,30087,0.98,建议电工安装,七天无理由，整机一年质保，支持在线客服,天猫精灵；Apple HomeKit；Aqara Home
98,欧瑞博场景面板 Lite,智能开关,欧瑞博生态链旗舰店,1 个,149,29,欧瑞博,"欧瑞博场景面板 Lite 面向有老人家庭,智能改造用户，适合卧室控制,新房装修,全屋智能场景，可作为智能开关类目的主推商品。",语音控制；无需换灯；场景联动；无线遥控,卧室控制；新房装修；全屋智能,有老人家庭；智能改造用户,Lite；全屋智能；卧室控制；场景联动；新房装修；无线遥控；无需换灯；智能开关；智能改造用户；有老人家庭；语音控制,4.7,4409,18330,0.98,建议电工安装,七天无理由，整机一年质保，支持在线客服,华为鸿蒙智联；米家；天猫精灵；Aqara Home
99,欧瑞博多键智能开关 Plus,智能开关,欧瑞博生态链旗舰店,1 个,299,210,欧瑞博,"欧瑞博多键智能开关 Plus 面向新房装修,复式户型，适合新房装修,老人夜起,全屋智能场景，可作为智能开关类目的主推商品。",语音控制；无线遥控；场景联动；无需换灯,新房装修；老人夜起；全屋智能,新房装修；复式户型,Plus；全屋智能；场景联动；复式户型；新房装修；无线遥控；无需换灯；智能开关；老人夜起；语音控制,4.8,3658,24537,0.98,建议电工安装,七天无理由，整机一年质保，支持在线客服,涂鸦智能；Aqara Home；天猫精灵；Matter
100,公牛无线开关 Lite,智能开关,公牛智能生活专营店,1 个,189,38,公牛,"公牛无线开关 Lite 面向新房装修,复式户型，适合卧室控制,老人夜起,全屋智能场景，可作为智能开关类目的主推商品。",无需换灯；无线遥控；状态记忆；语音控制,卧室控制；老人夜起；全屋智能,新房装修；复式户型,Lite；全屋智能；卧室控制；复式户型；新房装修；无线遥控；无需换灯；智能开关；状态记忆；老人夜起；语音控制,4.6,1255,1774,0.94,建议电工安装,七天无理由，整机一年质保，支持在线客服,米家；Matter
101,公牛调光开关 Plus,智能开关,公牛智能生活专营店,1 个,279,94,公牛,"公牛调光开关 Plus 面向复式户型,智能改造用户，适合卧室控制,全屋智能,老人夜起场景，可作为智能开关类目的主推商品。",多路控制；场景联动；语音控制；无线遥控,卧室控制；全屋智能；老人夜起,复式户型；智能改造用户,Plus；全屋智能；卧室控制；场景联动；复式户型；多路控制；无线遥控；智能开关；智能改造用户；老人夜起；语音控制,4.7,3339,21078,0.98,建议电工安装,七天无理由，整机一年质保，支持在线客服,华为鸿蒙智联；米家；天猫精灵；小度
102,公牛零火智能开关 Plus,智能开关,公牛官方旗舰店,1 个,219,159,公牛,"公牛零火智能开关 Plus 面向智能改造用户,有老人家庭，适合老人夜起,卧室控制,新房装修场景，可作为智能开关类目的主推商品。",场景联动；语音控制；无需换灯；状态记忆,老人夜起；卧室控制；新房装修,智能改造用户；有老人家庭,Plus；卧室控制；场景联动；新房装修；无需换灯；智能开关；智能改造用户；有老人家庭；状态记忆；老人夜起；语音控制,4.3,262,18999,0.98,建议电工安装,七天无理由，整机一年质保，支持在线客服,华为鸿蒙智联；涂鸦智能；Aqara Home；米家
103,涂鸦调光开关 Plus,智能开关,涂鸦授权专卖店,1 个,239,38,涂鸦,"涂鸦调光开关 Plus 面向复式户型,新房装修，适合全屋智能,老人夜起,新房装修场景，可作为智能开关类目的主推商品。",多路控制；场景联动；语音控制；无需换灯,全屋智能；老人夜起；新房装修,复式户型；新房装修,Plus；全屋智能；场景联动；复式户型；多路控制；新房装修；无需换灯；智能开关；老人夜起；语音控制,4.7,896,20161,0.98,建议电工安装,七天无理由，整机一年质保，支持在线客服,Aqara Home；华为鸿蒙智联；涂鸦智能；天猫精灵
104,涂鸦无线开关 Max,智能开关,涂鸦生态链旗舰店,1 个,499,80,涂鸦,"涂鸦无线开关 Max 面向新房装修,复式户型，适合新房装修,全屋智能,卧室控制场景，可作为智能开关类目的主推商品。",无线遥控；状态记忆；语音控制；无需换灯,新房装修；全屋智能；卧室控制,新房装修；复式户型,Max；全屋智能；卧室控制；复式户型；新房装修；无线遥控；无需换灯；智能开关；状态记忆；语音控制,4.6,3766,28639,0.98,建议电工安装,七天无理由，整机一年质保，支持在线客服,天猫精灵；小度；涂鸦智能；Aqara Home
105,涂鸦零火智能开关 Lite,智能开关,涂鸦智能生活专营店,1 个,89,175,涂鸦,"涂鸦零火智能开关 Lite 面向新房装修,复式户型，适合老人夜起,全屋智能,新房装修场景，可作为智能开关类目的主推商品。",多路控制；无线遥控；语音控制；无需换灯,老人夜起；全屋智能；新房装修,新房装修；复式户型,Lite；全屋智能；复式户型；多路控制；新房装修；无线遥控；无需换灯；智能开关；老人夜起；语音控制,4.6,856,29553,0.98,建议电工安装,七天无理由，整机一年质保，支持在线客服,涂鸦智能；华为鸿蒙智联
106,Yeelight无线开关 Lite,智能开关,Yeelight智能生活专营店,1 个,129,114,Yeelight,"Yeelight无线开关 Lite 面向新房装修,智能改造用户，适合新房装修,全屋智能,老人夜起场景，可作为智能开关类目的主推商品。",状态记忆；多路控制；场景联动；无需换灯,新房装修；全屋智能；老人夜起,新房装修；智能改造用户,Lite；全屋智能；场景联动；多路控制；新房装修；无需换灯；智能开关；智能改造用户；状态记忆；老人夜起,4.8,3153,1756,0.959,建议电工安装,七天无理由，整机一年质保，支持在线客服,Aqara Home；天猫精灵；Matter
107,Yeelight场景面板 Pro,智能开关,Yeelight授权专卖店,1 个,349,44,Yeelight,"Yeelight场景面板 Pro 面向复式户型,智能改造用户，适合全屋智能,卧室控制,老人夜起场景，可作为智能开关类目的主推商品。",状态记忆；无需换灯；无线遥控；语音控制,全屋智能；卧室控制；老人夜起,复式户型；智能改造用户,Pro；全屋智能；卧室控制；复式户型；无线遥控；无需换灯；智能开关；智能改造用户；状态记忆；老人夜起；语音控制,4.2,1223,22686,0.98,建议电工安装,七天无理由，整机一年质保，支持在线客服,天猫精灵；小度
108,Yeelight多键智能开关 Plus,智能开关,Yeelight智能生活专营店,1 个,239,76,Yeelight,"Yeelight多键智能开关 Plus 面向有老人家庭,新房装修，适合老人夜起,全屋智能,卧室控制场景，可作为智能开关类目的主推商品。",多路控制；语音控制；场景联动；无线遥控,老人夜起；全屋智能；卧室控制,有老人家庭；新房装修,Plus；全屋智能；卧室控制；场景联动；多路控制；新房装修；无线遥控；智能开关；有老人家庭；老人夜起；语音控制,4.6,409,19394,0.98,建议电工安装,七天无理由，整机一年质保，支持在线客服,米家；Matter；Aqara Home；华为鸿蒙智联
109,小米迷你音箱 Lite,智能音箱,小米智能生活专营店,1 台,219,135,小米,"小米迷你音箱 Lite 面向亲子家庭,音乐用户，适合老人看护,儿童学习,客厅娱乐场景，可作为智能音箱类目的主推商品。",语音助手；视频通话；红外控制；儿童内容,老人看护；儿童学习；客厅娱乐,亲子家庭；音乐用户,Lite；亲子家庭；儿童内容；儿童学习；客厅娱乐；智能音箱；红外控制；老人看护；视频通话；语音助手；音乐用户,4.4,1640,31432,0.98,免安装或简单安装,七天无理由，整机一年质保，支持在线客服,华为鸿蒙智联；涂鸦智能；米家
110,小米屏幕音箱 Plus,智能音箱,小米授权专卖店,1 台,1149,205,小米,"小米屏幕音箱 Plus 面向有老人家庭,智能家居入门用户，适合客厅娱乐,全屋智能,老人看护场景，可作为智能音箱类目的主推商品。",语音助手；儿童内容；家居中控；红外控制,客厅娱乐；全屋智能；老人看护,有老人家庭；智能家居入门用户,Plus；儿童内容；全屋智能；客厅娱乐；家居中控；智能家居入门用户；智能音箱；有老人家庭；红外控制；老人看护；语音助手,4.7,3636,12122,0.98,免安装或简单安装,七天无理由，整机一年质保，支持在线客服,华为鸿蒙智联；米家
111,小米智能音箱 Lite,智能音箱,小米生态链旗舰店,1 台,599,212,小米,"小米智能音箱 Lite 面向音乐用户,有老人家庭，适合儿童学习,客厅娱乐,全屋智能场景，可作为智能音箱类目的主推商品。",家居中控；视频通话；语音助手；音乐播放,儿童学习；客厅娱乐；全屋智能,音乐用户；有老人家庭,Lite；儿童学习；全屋智能；客厅娱乐；家居中控；智能音箱；有老人家庭；视频通话；语音助手；音乐播放；音乐用户,4.3,4686,23345,0.98,免安装或简单安装,七天无理由，整机一年质保，支持在线客服,涂鸦智能；天猫精灵；Matter
112,华为高音质音箱 Lite,智能音箱,华为官方旗舰店,1 台,499,258,华为,"华为高音质音箱 Lite 面向亲子家庭,有老人家庭，适合全屋智能,儿童学习,老人看护场景，可作为智能音箱类目的主推商品。",音乐播放；家居中控；红外控制；儿童内容,全屋智能；儿童学习；老人看护,亲子家庭；有老人家庭,Lite；亲子家庭；儿童内容；儿童学习；全屋智能；家居中控；智能音箱；有老人家庭；红外控制；老人看护；音乐播放,4.6,3239,20250,0.98,免安装或简单安装,七天无理由，整机一年质保，支持在线客服,米家；涂鸦智能
113,华为儿童学习音箱 Lite,智能音箱,华为授权专卖店,1 台,349,187,华为,"华为儿童学习音箱 Lite 面向智能家居入门用户,有老人家庭，适合儿童学习,老人看护,客厅娱乐场景，可作为智能音箱类目的主推商品。",家居中控；音乐播放；儿童内容；视频通话,儿童学习；老人看护；客厅娱乐,智能家居入门用户；有老人家庭,Lite；儿童内容；儿童学习；客厅娱乐；家居中控；智能家居入门用户；智能音箱；有老人家庭；老人看护；视频通话；音乐播放,4.5,1588,1189,0.92,免安装或简单安装,七天无理由，整机一年质保，支持在线客服,米家；Aqara Home；小度；华为鸿蒙智联
114,华为屏幕音箱 Plus,智能音箱,华为生态链旗舰店,1 台,749,103,华为,"华为屏幕音箱 Plus 面向亲子家庭,有老人家庭，适合老人看护,儿童学习,客厅娱乐场景，可作为智能音箱类目的主推商品。",儿童内容；语音助手；视频通话；红外控制,老人看护；儿童学习；客厅娱乐,亲子家庭；有老人家庭,Plus；亲子家庭；儿童内容；儿童学习；客厅娱乐；智能音箱；有老人家庭；红外控制；老人看护；视频通话；语音助手,4.8,383,5473,0.98,免安装或简单安装,七天无理由，整机一年质保，支持在线客服,天猫精灵；小度；米家
115,天猫精灵儿童学习音箱 Plus,智能音箱,天猫精灵生态链旗舰店,1 台,699,211,天猫精灵,"天猫精灵儿童学习音箱 Plus 面向音乐用户,有老人家庭，适合老人看护,全屋智能,客厅娱乐场景，可作为智能音箱类目的主推商品。",儿童内容；红外控制；视频通话；家居中控,老人看护；全屋智能；客厅娱乐,音乐用户；有老人家庭,Plus；儿童内容；全屋智能；客厅娱乐；家居中控；智能音箱；有老人家庭；红外控制；老人看护；视频通话；音乐用户,4.4,4653,24618,0.98,免安装或简单安装,七天无理由，整机一年质保，支持在线客服,Matter；Apple HomeKit；华为鸿蒙智联；小度
116,天猫精灵智能音箱 Pro,智能音箱,天猫精灵智能生活专营店,1 台,1599,167,天猫精灵,"天猫精灵智能音箱 Pro 面向智能家居入门用户,亲子家庭，适合全屋智能,老人看护,客厅娱乐场景，可作为智能音箱类目的主推商品。",家居中控；儿童内容；语音助手；音乐播放,全屋智能；老人看护；客厅娱乐,智能家居入门用户；亲子家庭,Pro；亲子家庭；儿童内容；全屋智能；客厅娱乐；家居中控；智能家居入门用户；智能音箱；老人看护；语音助手；音乐播放,4.8,1752,6066,0.98,免安装或简单安装,七天无理由，整机一年质保，支持在线客服,米家；Matter
117,天猫精灵迷你音箱 Lite,智能音箱,天猫精灵智能生活专营店,1 台,349,59,天猫精灵,"天猫精灵迷你音箱 Lite 面向亲子家庭,有老人家庭，适合全屋智能,老人看护,客厅娱乐场景，可作为智能音箱类目的主推商品。",家居中控；语音助手；儿童内容；音乐播放,全屋智能；老人看护；客厅娱乐,亲子家庭；有老人家庭,Lite；亲子家庭；儿童内容；全屋智能；客厅娱乐；家居中控；智能音箱；有老人家庭；老人看护；语音助手；音乐播放,4.8,2091,5686,0.98,免安装或简单安装,七天无理由，整机一年质保，支持在线客服,华为鸿蒙智联；Apple HomeKit；涂鸦智能
118,百度屏幕音箱 Pro,智能音箱,百度生态链旗舰店,1 台,1499,108,百度,"百度屏幕音箱 Pro 面向亲子家庭,音乐用户，适合老人看护,客厅娱乐,全屋智能场景，可作为智能音箱类目的主推商品。",红外控制；视频通话；语音助手；音乐播放,老人看护；客厅娱乐；全屋智能,亲子家庭；音乐用户,Pro；亲子家庭；全屋智能；客厅娱乐；智能音箱；红外控制；老人看护；视频通话；语音助手；音乐播放；音乐用户,4.7,591,26803,0.98,免安装或简单安装,七天无理由，整机一年质保，支持在线客服,Aqara Home；华为鸿蒙智联；米家
119,百度高音质音箱 Plus,智能音箱,百度授权专卖店,1 台,1049,44,百度,"百度高音质音箱 Plus 面向亲子家庭,有老人家庭，适合全屋智能,老人看护,儿童学习场景，可作为智能音箱类目的主推商品。",语音助手；音乐播放；视频通话；儿童内容,全屋智能；老人看护；儿童学习,亲子家庭；有老人家庭,Plus；亲子家庭；儿童内容；儿童学习；全屋智能；智能音箱；有老人家庭；老人看护；视频通话；语音助手；音乐播放,4.2,2676,8896,0.98,免安装或简单安装,七天无理由，整机一年质保，支持在线客服,天猫精灵；小度；涂鸦智能
120,百度儿童学习音箱 Pro,智能音箱,百度智能生活专营店,1 台,1499,116,百度,"百度儿童学习音箱 Pro 面向音乐用户,智能家居入门用户，适合全屋智能,老人看护,客厅娱乐场景，可作为智能音箱类目的主推商品。",红外控制；音乐播放；语音助手；家居中控,全屋智能；老人看护；客厅娱乐,音乐用户；智能家居入门用户,Pro；全屋智能；客厅娱乐；家居中控；智能家居入门用户；智能音箱；红外控制；老人看护；语音助手；音乐播放；音乐用户,4.3,3685,8103,0.98,免安装或简单安装,七天无理由，整机一年质保，支持在线客服,小度；Matter；米家
121,Apple屏幕音箱 Plus,智能音箱,Apple智能生活专营店,1 台,649,138,Apple,"Apple屏幕音箱 Plus 面向音乐用户,有老人家庭，适合老人看护,儿童学习,客厅娱乐场景，可作为智能音箱类目的主推商品。",儿童内容；语音助手；红外控制；视频通话,老人看护；儿童学习；客厅娱乐,音乐用户；有老人家庭,Plus；儿童内容；儿童学习；客厅娱乐；智能音箱；有老人家庭；红外控制；老人看护；视频通话；语音助手；音乐用户,4.6,3604,27845,0.98,免安装或简单安装,七天无理由，整机一年质保，支持在线客服,Aqara Home；华为鸿蒙智联
122,Apple高音质音箱 Plus,智能音箱,Apple授权专卖店,1 台,1049,41,Apple,"Apple高音质音箱 Plus 面向有老人家庭,音乐用户，适合全屋智能,老人看护,儿童学习场景，可作为智能音箱类目的主推商品。",儿童内容；音乐播放；红外控制；视频通话,全屋智能；老人看护；儿童学习,有老人家庭；音乐用户,Plus；儿童内容；儿童学习；全屋智能；智能音箱；有老人家庭；红外控制；老人看护；视频通话；音乐播放；音乐用户,4.8,2982,29596,0.98,免安装或简单安装,七天无理由，整机一年质保，支持在线客服,Apple HomeKit；涂鸦智能；华为鸿蒙智联
123,Apple智能音箱 Pro,智能音箱,Apple授权专卖店,1 台,1599,11,Apple,"Apple智能音箱 Pro 面向智能家居入门用户,有老人家庭，适合全屋智能,儿童学习,客厅娱乐场景，可作为智能音箱类目的主推商品。",语音助手；视频通话；音乐播放；儿童内容,全屋智能；儿童学习；客厅娱乐,智能家居入门用户；有老人家庭,Pro；儿童内容；儿童学习；全屋智能；客厅娱乐；智能家居入门用户；智能音箱；有老人家庭；视频通话；语音助手；音乐播放,4.3,82,3450,0.938,免安装或简单安装,七天无理由，整机一年质保，支持在线客服,涂鸦智能；华为鸿蒙智联；Apple HomeKit；Matter
124,小度迷你音箱 Lite,智能音箱,小度官方旗舰店,1 台,299,209,小度,"小度迷你音箱 Lite 面向音乐用户,智能家居入门用户，适合儿童学习,老人看护,全屋智能场景，可作为智能音箱类目的主推商品。",视频通话；音乐播放；红外控制；语音助手,儿童学习；老人看护；全屋智能,音乐用户；智能家居入门用户,Lite；儿童学习；全屋智能；智能家居入门用户；智能音箱；红外控制；老人看护；视频通话；语音助手；音乐播放；音乐用户,4.4,560,34455,0.98,免安装或简单安装,七天无理由，整机一年质保，支持在线客服,Aqara Home；华为鸿蒙智联
125,小度儿童学习音箱 Lite,智能音箱,小度官方旗舰店,1 台,599,102,小度,"小度儿童学习音箱 Lite 面向有老人家庭,音乐用户，适合全屋智能,老人看护,儿童学习场景，可作为智能音箱类目的主推商品。",红外控制；语音助手；家居中控；儿童内容,全屋智能；老人看护；儿童学习,有老人家庭；音乐用户,Lite；儿童内容；儿童学习；全屋智能；家居中控；智能音箱；有老人家庭；红外控制；老人看护；语音助手；音乐用户,4.8,298,4519,0.98,免安装或简单安装,七天无理由，整机一年质保，支持在线客服,米家；Matter；涂鸦智能；小度
126,小度屏幕音箱 Plus,智能音箱,小度官方旗舰店,1 台,949,149,小度,"小度屏幕音箱 Plus 面向音乐用户,有老人家庭，适合全屋智能,客厅娱乐,儿童学习场景，可作为智能音箱类目的主推商品。",红外控制；视频通话；家居中控；音乐播放,全屋智能；客厅娱乐；儿童学习,音乐用户；有老人家庭,Plus；儿童学习；全屋智能；客厅娱乐；家居中控；智能音箱；有老人家庭；红外控制；视频通话；音乐播放；音乐用户,4.2,1930,15957,0.98,免安装或简单安装,七天无理由，整机一年质保，支持在线客服,Matter；米家；Apple HomeKit
127,Aqara轨道套装 Plus,智能窗帘,Aqara生态链旗舰店,1 套,1099,130,Aqara,"Aqara轨道套装 Plus 面向新房装修,大户型家庭，适合客厅氛围,全屋智能,卧室助眠场景，可作为智能窗帘类目的主推商品。",光照联动；定时开合；静音电机；远程控制,客厅氛围；全屋智能；卧室助眠,新房装修；大户型家庭,Plus；光照联动；全屋智能；卧室助眠；大户型家庭；定时开合；客厅氛围；新房装修；智能窗帘；远程控制；静音电机,4.5,4307,28378,0.98,需要预约安装,七天无理由，整机一年质保，支持在线客服,米家；涂鸦智能；Apple HomeKit；小度
128,Aqara遮光窗帘套装 Lite,智能窗帘,Aqara生态链旗舰店,1 套,399,67,Aqara,"Aqara遮光窗帘套装 Lite 面向有老人家庭,新房装修，适合全屋智能,卧室助眠,客厅氛围场景，可作为智能窗帘类目的主推商品。",手拉启动；定时开合；静音电机；远程控制,全屋智能；卧室助眠；客厅氛围,有老人家庭；新房装修,Lite；全屋智能；卧室助眠；定时开合；客厅氛围；手拉启动；新房装修；智能窗帘；有老人家庭；远程控制；静音电机,4.6,2551,28201,0.98,需要预约安装,七天无理由，整机一年质保，支持在线客服,Aqara Home；小度
129,Aqara卷帘电机 Pro,智能窗帘,Aqara授权专卖店,1 套,1699,104,Aqara,"Aqara卷帘电机 Pro 面向睡眠敏感人群,有老人家庭，适合老人便利,卧室助眠,客厅氛围场景，可作为智能窗帘类目的主推商品。",手拉启动；语音控制；静音电机；光照联动,老人便利；卧室助眠；客厅氛围,睡眠敏感人群；有老人家庭,Pro；光照联动；卧室助眠；客厅氛围；手拉启动；智能窗帘；有老人家庭；睡眠敏感人群；老人便利；语音控制；静音电机,4.6,1477,18182,0.98,需要预约安装,七天无理由，整机一年质保，支持在线客服,小度；米家；Apple HomeKit
130,米家窗帘电机 Plus,智能窗帘,米家智能生活专营店,1 套,849,201,米家,"米家窗帘电机 Plus 面向睡眠敏感人群,新房装修，适合老人便利,卧室助眠,全屋智能场景，可作为智能窗帘类目的主推商品。",远程控制；定时开合；静音电机；手拉启动,老人便利；卧室助眠；全屋智能,睡眠敏感人群；新房装修,Plus；全屋智能；卧室助眠；定时开合；手拉启动；新房装修；智能窗帘；睡眠敏感人群；老人便利；远程控制；静音电机,4.7,1232,25292,0.98,需要预约安装,七天无理由，整机一年质保，支持在线客服,米家；Matter；小度
131,米家轨道套装 Plus,智能窗帘,米家授权专卖店,1 套,1049,246,米家,"米家轨道套装 Plus 面向有老人家庭,睡眠敏感人群，适合全屋智能,卧室助眠,客厅氛围场景，可作为智能窗帘类目的主推商品。",远程控制；手拉启动；语音控制；光照联动,全屋智能；卧室助眠；客厅氛围,有老人家庭；睡眠敏感人群,Plus；光照联动；全屋智能；卧室助眠；客厅氛围；手拉启动；智能窗帘；有老人家庭；睡眠敏感人群；语音控制；远程控制,4.5,4282,1902,0.932,需要预约安装,七天无理由，整机一年质保，支持在线客服,小度；Matter；天猫精灵
132,米家梦幻帘电机 Lite,智能窗帘,米家授权专卖店,1 套,449,73,米家,"米家梦幻帘电机 Lite 面向大户型家庭,有老人家庭，适合客厅氛围,全屋智能,老人便利场景，可作为智能窗帘类目的主推商品。",定时开合；光照联动；手拉启动；远程控制,客厅氛围；全屋智能；老人便利,大户型家庭；有老人家庭,Lite；光照联动；全屋智能；大户型家庭；定时开合；客厅氛围；手拉启动；智能窗帘；有老人家庭；老人便利；远程控制,4.8,2044,9910,0.98,需要预约安装,七天无理由，整机一年质保，支持在线客服,华为鸿蒙智联；Matter；小度；米家
133,欧瑞博梦幻帘电机 Lite,智能窗帘,欧瑞博智能生活专营店,1 套,549,150,欧瑞博,"欧瑞博梦幻帘电机 Lite 面向睡眠敏感人群,大户型家庭，适合卧室助眠,全屋智能,客厅氛围场景，可作为智能窗帘类目的主推商品。",远程控制；光照联动；定时开合；语音控制,卧室助眠；全屋智能；客厅氛围,睡眠敏感人群；大户型家庭,Lite；光照联动；全屋智能；卧室助眠；大户型家庭；定时开合；客厅氛围；智能窗帘；睡眠敏感人群；语音控制；远程控制,4.8,1384,29987,0.98,需要预约安装,七天无理由，整机一年质保，支持在线客服,Aqara Home；Apple HomeKit；涂鸦智能
134,欧瑞博窗帘电机 Max,智能窗帘,欧瑞博官方旗舰店,1 套,1799,235,欧瑞博,"欧瑞博窗帘电机 Max 面向睡眠敏感人群,新房装修，适合全屋智能,老人便利,客厅氛围场景，可作为智能窗帘类目的主推商品。",远程控制；语音控制；静音电机；定时开合,全屋智能；老人便利；客厅氛围,睡眠敏感人群；新房装修,Max；全屋智能；定时开合；客厅氛围；新房装修；智能窗帘；睡眠敏感人群；老人便利；语音控制；远程控制；静音电机,4.6,1092,23285,0.98,需要预约安装,七天无理由，整机一年质保，支持在线客服,Matter；Apple HomeKit；米家
135,欧瑞博遮光窗帘套装 Lite,智能窗帘,欧瑞博生态链旗舰店,1 套,749,139,欧瑞博,"欧瑞博遮光窗帘套装 Lite 面向大户型家庭,有老人家庭，适合全屋智能,老人便利,卧室助眠场景，可作为智能窗帘类目的主推商品。",远程控制；定时开合；静音电机；语音控制,全屋智能；老人便利；卧室助眠,大户型家庭；有老人家庭,Lite；全屋智能；卧室助眠；大户型家庭；定时开合；智能窗帘；有老人家庭；老人便利；语音控制；远程控制；静音电机,4.3,83,15148,0.98,需要预约安装,七天无理由，整机一年质保，支持在线客服,涂鸦智能；华为鸿蒙智联；天猫精灵；Matter
136,杜亚轨道套装 Lite,智能窗帘,杜亚官方旗舰店,1 套,749,163,杜亚,"杜亚轨道套装 Lite 面向新房装修,大户型家庭，适合客厅氛围,老人便利,全屋智能场景，可作为智能窗帘类目的主推商品。",光照联动；远程控制；定时开合；静音电机,客厅氛围；老人便利；全屋智能,新房装修；大户型家庭,Lite；光照联动；全屋智能；大户型家庭；定时开合；客厅氛围；新房装修；智能窗帘；老人便利；远程控制；静音电机,4.6,3980,22264,0.98,需要预约安装,七天无理由，整机一年质保，支持在线客服,Apple HomeKit；小度
137,杜亚窗帘电机 Plus,智能窗帘,杜亚智能生活专营店,1 套,1099,20,杜亚,"杜亚窗帘电机 Plus 面向睡眠敏感人群,大户型家庭，适合全屋智能,卧室助眠,老人便利场景，可作为智能窗帘类目的主推商品。",手拉启动；光照联动；远程控制；静音电机,全屋智能；卧室助眠；老人便利,睡眠敏感人群；大户型家庭,Plus；光照联动；全屋智能；卧室助眠；大户型家庭；手拉启动；智能窗帘；睡眠敏感人群；老人便利；远程控制；静音电机,4.8,4616,23766,0.98,需要预约安装,七天无理由，整机一年质保，支持在线客服,涂鸦智能；小度
138,杜亚卷帘电机 Plus,智能窗帘,杜亚官方旗舰店,1 套,999,160,杜亚,"杜亚卷帘电机 Plus 面向新房装修,睡眠敏感人群，适合全屋智能,客厅氛围,卧室助眠场景，可作为智能窗帘类目的主推商品。",手拉启动；语音控制；光照联动；静音电机,全屋智能；客厅氛围；卧室助眠,新房装修；睡眠敏感人群,Plus；光照联动；全屋智能；卧室助眠；客厅氛围；手拉启动；新房装修；智能窗帘；睡眠敏感人群；语音控制；静音电机,4.4,2943,28185,0.98,需要预约安装,七天无理由，整机一年质保，支持在线客服,米家；天猫精灵；小度；Matter
139,绿米遮光窗帘套装 Plus,智能窗帘,绿米官方旗舰店,1 套,1049,47,绿米,"绿米遮光窗帘套装 Plus 面向有老人家庭,睡眠敏感人群，适合老人便利,全屋智能,卧室助眠场景，可作为智能窗帘类目的主推商品。",定时开合；手拉启动；远程控制；光照联动,老人便利；全屋智能；卧室助眠,有老人家庭；睡眠敏感人群,Plus；光照联动；全屋智能；卧室助眠；定时开合；手拉启动；智能窗帘；有老人家庭；睡眠敏感人群；老人便利；远程控制,4.2,1720,22044,0.98,需要预约安装,七天无理由，整机一年质保，支持在线客服,Aqara Home；小度
140,绿米梦幻帘电机 Lite,智能窗帘,绿米官方旗舰店,1 套,349,149,绿米,"绿米梦幻帘电机 Lite 面向新房装修,有老人家庭，适合老人便利,全屋智能,客厅氛围场景，可作为智能窗帘类目的主推商品。",定时开合；静音电机；远程控制；语音控制,老人便利；全屋智能；客厅氛围,新房装修；有老人家庭,Lite；全屋智能；定时开合；客厅氛围；新房装修；智能窗帘；有老人家庭；老人便利；语音控制；远程控制；静音电机,4.8,2895,15927,0.98,需要预约安装,七天无理由，整机一年质保，支持在线客服,Apple HomeKit；华为鸿蒙智联；Aqara Home
141,绿米轨道套装 Lite,智能窗帘,绿米智能生活专营店,1 套,549,52,绿米,"绿米轨道套装 Lite 面向新房装修,大户型家庭，适合卧室助眠,老人便利,客厅氛围场景，可作为智能窗帘类目的主推商品。",定时开合；远程控制；静音电机；光照联动,卧室助眠；老人便利；客厅氛围,新房装修；大户型家庭,Lite；光照联动；卧室助眠；大户型家庭；定时开合；客厅氛围；新房装修；智能窗帘；老人便利；远程控制；静音电机,4.3,2975,6177,0.98,需要预约安装,七天无理由，整机一年质保，支持在线客服,Apple HomeKit；Matter；Aqara Home
142,Yeelight轨道套装 Plus,智能窗帘,Yeelight授权专卖店,1 套,849,208,Yeelight,"Yeelight轨道套装 Plus 面向大户型家庭,有老人家庭，适合全屋智能,卧室助眠,客厅氛围场景，可作为智能窗帘类目的主推商品。",语音控制；远程控制；定时开合；手拉启动,全屋智能；卧室助眠；客厅氛围,大户型家庭；有老人家庭,Plus；全屋智能；卧室助眠；大户型家庭；定时开合；客厅氛围；手拉启动；智能窗帘；有老人家庭；语音控制；远程控制,4.8,3934,26095,0.98,需要预约安装,七天无理由，整机一年质保，支持在线客服,小度；Apple HomeKit；天猫精灵
143,Yeelight免布线窗帘伴侣 Plus,智能窗帘,Yeelight官方旗舰店,1 套,799,229,Yeelight,"Yeelight免布线窗帘伴侣 Plus 面向睡眠敏感人群,大户型家庭，适合客厅氛围,老人便利,全屋智能场景，可作为智能窗帘类目的主推商品。",远程控制；语音控制；静音电机；手拉启动,客厅氛围；老人便利；全屋智能,睡眠敏感人群；大户型家庭,Plus；全屋智能；大户型家庭；客厅氛围；手拉启动；智能窗帘；睡眠敏感人群；老人便利；语音控制；远程控制；静音电机,4.3,959,32647,0.98,需要预约安装,七天无理由，整机一年质保，支持在线客服,Apple HomeKit；天猫精灵
144,Yeelight梦幻帘电机 Pro,智能窗帘,Yeelight官方旗舰店,1 套,1499,244,Yeelight,"Yeelight梦幻帘电机 Pro 面向有老人家庭,睡眠敏感人群，适合卧室助眠,客厅氛围,全屋智能场景，可作为智能窗帘类目的主推商品。",定时开合；语音控制；手拉启动；静音电机,卧室助眠；客厅氛围；全屋智能,有老人家庭；睡眠敏感人群,Pro；全屋智能；卧室助眠；定时开合；客厅氛围；手拉启动；智能窗帘；有老人家庭；睡眠敏感人群；语音控制；静音电机,4.6,1209,30772,0.98,需要预约安装,七天无理由，整机一年质保，支持在线客服,Matter；小度
145,科沃斯基站扫拖机器人 Lite,智能清洁,科沃斯智能生活专营店,1 台,1899,158,科沃斯,"科沃斯基站扫拖机器人 Lite 面向大户型家庭,上班族，适合懒人家务,宠物家庭,大户型场景，可作为智能清洁类目的主推商品。",地图规划；自动集尘；避障识别；自动洗拖布,懒人家务；宠物家庭；大户型,大户型家庭；上班族,Lite；上班族；地图规划；大户型；大户型家庭；宠物家庭；懒人家务；智能清洁；自动洗拖布；自动集尘；避障识别,4.5,1622,13335,0.98,免安装或简单安装,七天无理由，整机一年质保，支持在线客服,Matter；Aqara Home；小度；Apple HomeKit
146,科沃斯自清洁扫拖机器人 Max,智能清洁,科沃斯官方旗舰店,1 台,5799,142,科沃斯,"科沃斯自清洁扫拖机器人 Max 面向养宠家庭,老人家庭，适合宠物家庭,清洁护理,大户型场景，可作为智能清洁类目的主推商品。",毛发防缠绕；地图规划；自动洗拖布；大吸力,宠物家庭；清洁护理；大户型,养宠家庭；老人家庭,Max；养宠家庭；地图规划；大吸力；大户型；宠物家庭；智能清洁；毛发防缠绕；清洁护理；老人家庭；自动洗拖布,4.7,2035,31622,0.98,免安装或简单安装,七天无理由，整机一年质保，支持在线客服,华为鸿蒙智联；Apple HomeKit
147,科沃斯扫地机器人 Lite,智能清洁,科沃斯官方旗舰店,1 台,1899,202,科沃斯,"科沃斯扫地机器人 Lite 面向上班族,老人家庭，适合懒人家务,宠物家庭,大户型场景，可作为智能清洁类目的主推商品。",大吸力；避障识别；自动洗拖布；自动集尘,懒人家务；宠物家庭；大户型,上班族；老人家庭,Lite；上班族；大吸力；大户型；宠物家庭；懒人家务；智能清洁；老人家庭；自动洗拖布；自动集尘；避障识别,4.3,4567,23647,0.98,免安装或简单安装,七天无理由，整机一年质保，支持在线客服,天猫精灵；米家；Matter
148,石头基站扫拖机器人 Pro,智能清洁,石头官方旗舰店,1 台,4399,46,石头,"石头基站扫拖机器人 Pro 面向大户型家庭,上班族，适合大户型,宠物家庭,清洁护理场景，可作为智能清洁类目的主推商品。",自动洗拖布；自动集尘；毛发防缠绕；避障识别,大户型；宠物家庭；清洁护理,大户型家庭；上班族,Pro；上班族；大户型；大户型家庭；宠物家庭；智能清洁；毛发防缠绕；清洁护理；自动洗拖布；自动集尘；避障识别,4.6,4166,14552,0.98,免安装或简单安装,七天无理由，整机一年质保，支持在线客服,小度；Apple HomeKit；华为鸿蒙智联
149,石头宠物家庭清洁机器人 Max,智能清洁,石头生态链旗舰店,1 台,5599,241,石头,"石头宠物家庭清洁机器人 Max 面向上班族,大户型家庭，适合宠物家庭,懒人家务,清洁护理场景，可作为智能清洁类目的主推商品。",毛发防缠绕；地图规划；大吸力；自动集尘,宠物家庭；懒人家务；清洁护理,上班族；大户型家庭,Max；上班族；地图规划；大吸力；大户型家庭；宠物家庭；懒人家务；智能清洁；毛发防缠绕；清洁护理；自动集尘,4.3,2570,9189,0.98,免安装或简单安装,七天无理由，整机一年质保，支持在线客服,Aqara Home；Matter；小度
150,石头擦窗机器人 Plus,智能清洁,石头智能生活专营店,1 台,2899,111,石头,"石头擦窗机器人 Plus 面向养宠家庭,大户型家庭，适合大户型,懒人家务,宠物家庭场景，可作为智能清洁类目的主推商品。",地图规划；避障识别；毛发防缠绕；自动集尘,大户型；懒人家务；宠物家庭,养宠家庭；大户型家庭,Plus；养宠家庭；地图规划；大户型；大户型家庭；宠物家庭；懒人家务；智能清洁；毛发防缠绕；自动集尘；避障识别,4.3,4543,23021,0.98,免安装或简单安装,七天无理由，整机一年质保，支持在线客服,小度；Aqara Home；Matter
151,追觅宠物家庭清洁机器人 Plus,智能清洁,追觅生态链旗舰店,1 台,2399,138,追觅,"追觅宠物家庭清洁机器人 Plus 面向大户型家庭,老人家庭，适合宠物家庭,清洁护理,大户型场景，可作为智能清洁类目的主推商品。",自动洗拖布；避障识别；地图规划；大吸力,宠物家庭；清洁护理；大户型,大户型家庭；老人家庭,Plus；地图规划；大吸力；大户型；大户型家庭；宠物家庭；智能清洁；清洁护理；老人家庭；自动洗拖布；避障识别,4.2,1646,27243,0.98,免安装或简单安装,七天无理由，整机一年质保，支持在线客服,Aqara Home；Apple HomeKit
152,追觅洗地机 Plus,智能清洁,追觅生态链旗舰店,1 台,2599,45,追觅,"追觅洗地机 Plus 面向老人家庭,上班族，适合宠物家庭,清洁护理,懒人家务场景，可作为智能清洁类目的主推商品。",自动集尘；大吸力；毛发防缠绕；避障识别,宠物家庭；清洁护理；懒人家务,老人家庭；上班族,Plus；上班族；大吸力；宠物家庭；懒人家务；智能清洁；毛发防缠绕；清洁护理；老人家庭；自动集尘；避障识别,4.4,1278,30572,0.98,免安装或简单安装,七天无理由，整机一年质保，支持在线客服,米家；涂鸦智能；华为鸿蒙智联；Matter
153,追觅扫地机器人 Plus,智能清洁,追觅生态链旗舰店,1 台,2499,103,追觅,"追觅扫地机器人 Plus 面向老人家庭,上班族，适合清洁护理,大户型,宠物家庭场景，可作为智能清洁类目的主推商品。",避障识别；地图规划；自动集尘；毛发防缠绕,清洁护理；大户型；宠物家庭,老人家庭；上班族,Plus；上班族；地图规划；大户型；宠物家庭；智能清洁；毛发防缠绕；清洁护理；老人家庭；自动集尘；避障识别,4.3,2684,25943,0.98,免安装或简单安装,七天无理由，整机一年质保，支持在线客服,Apple HomeKit；小度
154,米家洗地机 Max,智能清洁,米家授权专卖店,1 台,5599,22,米家,"米家洗地机 Max 面向老人家庭,上班族，适合清洁护理,宠物家庭,懒人家务场景，可作为智能清洁类目的主推商品。",自动集尘；地图规划；避障识别；自动洗拖布,清洁护理；宠物家庭；懒人家务,老人家庭；上班族,Max；上班族；地图规划；宠物家庭；懒人家务；智能清洁；清洁护理；老人家庭；自动洗拖布；自动集尘；避障识别,4.4,2301,25599,0.98,免安装或简单安装,七天无理由，整机一年质保，支持在线客服,天猫精灵；Apple HomeKit；华为鸿蒙智联；米家
155,米家宠物家庭清洁机器人 Max,智能清洁,米家生态链旗舰店,1 台,5699,26,米家,"米家宠物家庭清洁机器人 Max 面向大户型家庭,上班族，适合懒人家务,清洁护理,宠物家庭场景，可作为智能清洁类目的主推商品。",避障识别；大吸力；毛发防缠绕；地图规划,懒人家务；清洁护理；宠物家庭,大户型家庭；上班族,Max；上班族；地图规划；大吸力；大户型家庭；宠物家庭；懒人家务；智能清洁；毛发防缠绕；清洁护理；避障识别,4.7,834,13209,0.98,免安装或简单安装,七天无理由，整机一年质保，支持在线客服,天猫精灵；涂鸦智能；小度
156,米家自清洁扫拖机器人 Lite,智能清洁,米家智能生活专营店,1 台,1349,124,米家,"米家自清洁扫拖机器人 Lite 面向上班族,大户型家庭，适合大户型,懒人家务,清洁护理场景，可作为智能清洁类目的主推商品。",毛发防缠绕；大吸力；自动洗拖布；地图规划,大户型；懒人家务；清洁护理,上班族；大户型家庭,Lite；上班族；地图规划；大吸力；大户型；大户型家庭；懒人家务；智能清洁；毛发防缠绕；清洁护理；自动洗拖布,4.8,1297,28595,0.98,免安装或简单安装,七天无理由，整机一年质保，支持在线客服,天猫精灵；华为鸿蒙智联；Apple HomeKit；涂鸦智能
157,云鲸洗地机 Plus,智能清洁,云鲸智能生活专营店,1 台,3599,205,云鲸,"云鲸洗地机 Plus 面向养宠家庭,上班族，适合懒人家务,清洁护理,宠物家庭场景，可作为智能清洁类目的主推商品。",避障识别；自动集尘；毛发防缠绕；大吸力,懒人家务；清洁护理；宠物家庭,养宠家庭；上班族,Plus；上班族；养宠家庭；大吸力；宠物家庭；懒人家务；智能清洁；毛发防缠绕；清洁护理；自动集尘；避障识别,4.9,1577,33840,0.98,免安装或简单安装,七天无理由，整机一年质保，支持在线客服,Aqara Home；Matter；小度
158,云鲸自清洁扫拖机器人 Lite,智能清洁,云鲸官方旗舰店,1 台,1499,233,云鲸,"云鲸自清洁扫拖机器人 Lite 面向大户型家庭,老人家庭，适合清洁护理,懒人家务,大户型场景，可作为智能清洁类目的主推商品。",地图规划；自动洗拖布；大吸力；自动集尘,清洁护理；懒人家务；大户型,大户型家庭；老人家庭,Lite；地图规划；大吸力；大户型；大户型家庭；懒人家务；智能清洁；清洁护理；老人家庭；自动洗拖布；自动集尘,4.6,2065,3258,0.964,免安装或简单安装,七天无理由，整机一年质保，支持在线客服,涂鸦智能；Matter；小度；华为鸿蒙智联
159,云鲸基站扫拖机器人 Plus,智能清洁,云鲸生态链旗舰店,1 台,3199,28,云鲸,"云鲸基站扫拖机器人 Plus 面向上班族,大户型家庭，适合清洁护理,懒人家务,宠物家庭场景，可作为智能清洁类目的主推商品。",毛发防缠绕；大吸力；自动洗拖布；避障识别,清洁护理；懒人家务；宠物家庭,上班族；大户型家庭,Plus；上班族；大吸力；大户型家庭；宠物家庭；懒人家务；智能清洁；毛发防缠绕；清洁护理；自动洗拖布；避障识别,4.5,4676,15395,0.98,免安装或简单安装,七天无理由，整机一年质保，支持在线客服,米家；天猫精灵；Aqara Home；小度
160,添可自清洁扫拖机器人 Plus,智能清洁,添可智能生活专营店,1 台,3099,169,添可,"添可自清洁扫拖机器人 Plus 面向上班族,大户型家庭，适合清洁护理,宠物家庭,懒人家务场景，可作为智能清洁类目的主推商品。",自动集尘；自动洗拖布；避障识别；大吸力,清洁护理；宠物家庭；懒人家务,上班族；大户型家庭,Plus；上班族；大吸力；大户型家庭；宠物家庭；懒人家务；智能清洁；清洁护理；自动洗拖布；自动集尘；避障识别,4.3,1728,17701,0.98,免安装或简单安装,七天无理由，整机一年质保，支持在线客服,小度；天猫精灵；米家；华为鸿蒙智联
161,添可扫地机器人 Plus,智能清洁,添可授权专卖店,1 台,2699,28,添可,"添可扫地机器人 Plus 面向老人家庭,上班族，适合懒人家务,宠物家庭,大户型场景，可作为智能清洁类目的主推商品。",大吸力；自动集尘；毛发防缠绕；避障识别,懒人家务；宠物家庭；大户型,老人家庭；上班族,Plus；上班族；大吸力；大户型；宠物家庭；懒人家务；智能清洁；毛发防缠绕；老人家庭；自动集尘；避障识别,4.7,3739,19436,0.98,免安装或简单安装,七天无理由，整机一年质保，支持在线客服,Apple HomeKit；天猫精灵；Aqara Home；涂鸦智能
162,添可宠物家庭清洁机器人 Plus,智能清洁,添可生态链旗舰店,1 台,2799,204,添可,"添可宠物家庭清洁机器人 Plus 面向上班族,养宠家庭，适合大户型,懒人家务,宠物家庭场景，可作为智能清洁类目的主推商品。",毛发防缠绕；地图规划；大吸力；自动洗拖布,大户型；懒人家务；宠物家庭,上班族；养宠家庭,Plus；上班族；养宠家庭；地图规划；大吸力；大户型；宠物家庭；懒人家务；智能清洁；毛发防缠绕；自动洗拖布,4.9,1956,34687,0.98,免安装或简单安装,七天无理由，整机一年质保，支持在线客服,米家；涂鸦智能
163,小米除甲醛净化器 Lite,空气净化器,小米官方旗舰店,1 台,1499,76,小米,"小米除甲醛净化器 Lite 面向养宠家庭,过敏人群，适合空气健康,宠物家庭,母婴家庭场景，可作为空气净化器类目的主推商品。",睡眠模式；滤芯提醒；除甲醛；PM2.5 监测,空气健康；宠物家庭；母婴家庭,养宠家庭；过敏人群,Lite；PM2.5 监测；养宠家庭；宠物家庭；母婴家庭；滤芯提醒；睡眠模式；空气健康；空气净化器；过敏人群；除甲醛,4.4,2710,16398,0.98,免安装或简单安装,七天无理由，整机一年质保，支持在线客服,Matter；华为鸿蒙智联；小度
164,小米母婴净化器 Plus,空气净化器,小米生态链旗舰店,1 台,2899,64,小米,"小米母婴净化器 Plus 面向过敏人群,新房装修，适合母婴家庭,空气健康,新房装修场景，可作为空气净化器类目的主推商品。",PM2.5 监测；滤芯提醒；宠物除味；低噪运行,母婴家庭；空气健康；新房装修,过敏人群；新房装修,PM2.5 监测；Plus；低噪运行；宠物除味；新房装修；母婴家庭；滤芯提醒；空气健康；空气净化器；过敏人群,4.6,4326,27960,0.98,免安装或简单安装,七天无理由，整机一年质保，支持在线客服,Apple HomeKit；Aqara Home
165,小米宠物除味净化器 Pro,空气净化器,小米官方旗舰店,1 台,3499,139,小米,"小米宠物除味净化器 Pro 面向过敏人群,养宠家庭，适合母婴家庭,新房装修,宠物家庭场景，可作为空气净化器类目的主推商品。",滤芯提醒；低噪运行；宠物除味；除甲醛,母婴家庭；新房装修；宠物家庭,过敏人群；养宠家庭,Pro；低噪运行；养宠家庭；宠物家庭；宠物除味；新房装修；母婴家庭；滤芯提醒；空气净化器；过敏人群；除甲醛,4.2,2908,8161,0.98,免安装或简单安装,七天无理由，整机一年质保，支持在线客服,华为鸿蒙智联；天猫精灵；小度；Aqara Home
166,352宠物除味净化器 Max,空气净化器,352官方旗舰店,1 台,4999,111,352,"352宠物除味净化器 Max 面向新房装修,母婴家庭，适合母婴家庭,空气健康,新房装修场景，可作为空气净化器类目的主推商品。",PM2.5 监测；低噪运行；滤芯提醒；除甲醛,母婴家庭；空气健康；新房装修,新房装修；母婴家庭,Max；PM2.5 监测；低噪运行；新房装修；母婴家庭；滤芯提醒；空气健康；空气净化器；除甲醛,4.2,500,8238,0.98,免安装或简单安装,七天无理由，整机一年质保，支持在线客服,涂鸦智能；华为鸿蒙智联；Apple HomeKit
167,352卧室净化器 Pro,空气净化器,352官方旗舰店,1 台,3499,179,352,"352卧室净化器 Pro 面向过敏人群,母婴家庭，适合新房装修,空气健康,母婴家庭场景，可作为空气净化器类目的主推商品。",滤芯提醒；除甲醛；PM2.5 监测；睡眠模式,新房装修；空气健康；母婴家庭,过敏人群；母婴家庭,PM2.5 监测；Pro；新房装修；母婴家庭；滤芯提醒；睡眠模式；空气健康；空气净化器；过敏人群；除甲醛,4.7,3432,4649,0.98,免安装或简单安装,七天无理由，整机一年质保，支持在线客服,Matter；天猫精灵；Apple HomeKit
168,352除甲醛净化器 Pro,空气净化器,352智能生活专营店,1 台,3799,162,352,"352除甲醛净化器 Pro 面向过敏人群,养宠家庭，适合宠物家庭,新房装修,空气健康场景，可作为空气净化器类目的主推商品。",除甲醛；滤芯提醒；睡眠模式；低噪运行,宠物家庭；新房装修；空气健康,过敏人群；养宠家庭,Pro；低噪运行；养宠家庭；宠物家庭；新房装修；滤芯提醒；睡眠模式；空气健康；空气净化器；过敏人群；除甲醛,4.3,980,15207,0.98,免安装或简单安装,七天无理由，整机一年质保，支持在线客服,小度；Aqara Home
169,飞利浦卧室净化器 Pro,空气净化器,飞利浦授权专卖店,1 台,3799,112,飞利浦,"飞利浦卧室净化器 Pro 面向新房装修,过敏人群，适合母婴家庭,宠物家庭,空气健康场景，可作为空气净化器类目的主推商品。",睡眠模式；宠物除味；除甲醛；低噪运行,母婴家庭；宠物家庭；空气健康,新房装修；过敏人群,Pro；低噪运行；宠物家庭；宠物除味；新房装修；母婴家庭；睡眠模式；空气健康；空气净化器；过敏人群；除甲醛,4.4,1486,15575,0.98,免安装或简单安装,七天无理由，整机一年质保，支持在线客服,Aqara Home；涂鸦智能；米家；天猫精灵
170,飞利浦除甲醛净化器 Pro,空气净化器,飞利浦生态链旗舰店,1 台,3899,22,飞利浦,"飞利浦除甲醛净化器 Pro 面向母婴家庭,新房装修，适合空气健康,新房装修,母婴家庭场景，可作为空气净化器类目的主推商品。",PM2.5 监测；睡眠模式；宠物除味；低噪运行,空气健康；新房装修；母婴家庭,母婴家庭；新房装修,PM2.5 监测；Pro；低噪运行；宠物除味；新房装修；母婴家庭；睡眠模式；空气健康；空气净化器,4.5,4151,26099,0.98,免安装或简单安装,七天无理由，整机一年质保，支持在线客服,华为鸿蒙智联；小度；天猫精灵
171,飞利浦大空间净化器 Plus,空气净化器,飞利浦生态链旗舰店,1 台,3199,47,飞利浦,"飞利浦大空间净化器 Plus 面向母婴家庭,新房装修，适合宠物家庭,新房装修,空气健康场景，可作为空气净化器类目的主推商品。",除甲醛；PM2.5 监测；滤芯提醒；睡眠模式,宠物家庭；新房装修；空气健康,母婴家庭；新房装修,PM2.5 监测；Plus；宠物家庭；新房装修；母婴家庭；滤芯提醒；睡眠模式；空气健康；空气净化器；除甲醛,4.4,1964,33862,0.98,免安装或简单安装,七天无理由，整机一年质保，支持在线客服,华为鸿蒙智联；米家；涂鸦智能
172,布鲁雅尔大空间净化器 Plus,空气净化器,布鲁雅尔授权专卖店,1 台,3199,148,布鲁雅尔,"布鲁雅尔大空间净化器 Plus 面向过敏人群,母婴家庭，适合母婴家庭,宠物家庭,新房装修场景，可作为空气净化器类目的主推商品。",睡眠模式；低噪运行；除甲醛；宠物除味,母婴家庭；宠物家庭；新房装修,过敏人群；母婴家庭,Plus；低噪运行；宠物家庭；宠物除味；新房装修；母婴家庭；睡眠模式；空气净化器；过敏人群；除甲醛,4.7,1434,15484,0.98,免安装或简单安装,七天无理由，整机一年质保，支持在线客服,天猫精灵；Aqara Home；米家
173,布鲁雅尔空气净化器 Plus,空气净化器,布鲁雅尔生态链旗舰店,1 台,2499,158,布鲁雅尔,"布鲁雅尔空气净化器 Plus 面向母婴家庭,养宠家庭，适合新房装修,空气健康,宠物家庭场景，可作为空气净化器类目的主推商品。",睡眠模式；宠物除味；滤芯提醒；除甲醛,新房装修；空气健康；宠物家庭,母婴家庭；养宠家庭,Plus；养宠家庭；宠物家庭；宠物除味；新房装修；母婴家庭；滤芯提醒；睡眠模式；空气健康；空气净化器；除甲醛,4.6,3364,12429,0.98,免安装或简单安装,七天无理由，整机一年质保，支持在线客服,天猫精灵；涂鸦智能
174,布鲁雅尔宠物除味净化器 Lite,空气净化器,布鲁雅尔官方旗舰店,1 台,949,41,布鲁雅尔,"布鲁雅尔宠物除味净化器 Lite 面向母婴家庭,新房装修，适合新房装修,宠物家庭,空气健康场景，可作为空气净化器类目的主推商品。",PM2.5 监测；宠物除味；除甲醛；低噪运行,新房装修；宠物家庭；空气健康,母婴家庭；新房装修,Lite；PM2.5 监测；低噪运行；宠物家庭；宠物除味；新房装修；母婴家庭；空气健康；空气净化器；除甲醛,4.5,1673,14652,0.98,免安装或简单安装,七天无理由，整机一年质保，支持在线客服,天猫精灵；Apple HomeKit；米家；小度
175,华为智选宠物除味净化器 Max,空气净化器,华为智选智能生活专营店,1 台,4299,28,华为智选,"华为智选宠物除味净化器 Max 面向新房装修,养宠家庭，适合空气健康,宠物家庭,母婴家庭场景，可作为空气净化器类目的主推商品。",滤芯提醒；PM2.5 监测；睡眠模式；宠物除味,空气健康；宠物家庭；母婴家庭,新房装修；养宠家庭,Max；PM2.5 监测；养宠家庭；宠物家庭；宠物除味；新房装修；母婴家庭；滤芯提醒；睡眠模式；空气健康；空气净化器,4.8,1583,20870,0.98,免安装或简单安装,七天无理由，整机一年质保，支持在线客服,小度；Apple HomeKit；涂鸦智能
176,华为智选空气净化器 Lite,空气净化器,华为智选生态链旗舰店,1 台,1599,169,华为智选,"华为智选空气净化器 Lite 面向母婴家庭,过敏人群，适合新房装修,空气健康,宠物家庭场景，可作为空气净化器类目的主推商品。",低噪运行；睡眠模式；滤芯提醒；宠物除味,新房装修；空气健康；宠物家庭,母婴家庭；过敏人群,Lite；低噪运行；宠物家庭；宠物除味；新房装修；母婴家庭；滤芯提醒；睡眠模式；空气健康；空气净化器；过敏人群,4.3,3465,31215,0.98,免安装或简单安装,七天无理由，整机一年质保，支持在线客服,涂鸦智能；Apple HomeKit
177,华为智选除甲醛净化器 Plus,空气净化器,华为智选智能生活专营店,1 台,2099,247,华为智选,"华为智选除甲醛净化器 Plus 面向过敏人群,母婴家庭，适合母婴家庭,新房装修,空气健康场景，可作为空气净化器类目的主推商品。",宠物除味；除甲醛；睡眠模式；PM2.5 监测,母婴家庭；新房装修；空气健康,过敏人群；母婴家庭,PM2.5 监测；Plus；宠物除味；新房装修；母婴家庭；睡眠模式；空气健康；空气净化器；过敏人群；除甲醛,4.4,473,29805,0.98,免安装或简单安装,七天无理由，整机一年质保，支持在线客服,Aqara Home；米家；天猫精灵；Matter
178,美的卧室净化器 Pro,空气净化器,美的授权专卖店,1 台,4099,164,美的,"美的卧室净化器 Pro 面向养宠家庭,新房装修，适合新房装修,母婴家庭,空气健康场景，可作为空气净化器类目的主推商品。",睡眠模式；宠物除味；PM2.5 监测；除甲醛,新房装修；母婴家庭；空气健康,养宠家庭；新房装修,PM2.5 监测；Pro；养宠家庭；宠物除味；新房装修；母婴家庭；睡眠模式；空气健康；空气净化器；除甲醛,4.5,2402,7301,0.98,免安装或简单安装,七天无理由，整机一年质保，支持在线客服,Apple HomeKit；华为鸿蒙智联；小度；涂鸦智能
179,美的空气净化器 Pro,空气净化器,美的智能生活专营店,1 台,3699,69,美的,"美的空气净化器 Pro 面向母婴家庭,养宠家庭，适合新房装修,母婴家庭,宠物家庭场景，可作为空气净化器类目的主推商品。",宠物除味；滤芯提醒；低噪运行；睡眠模式,新房装修；母婴家庭；宠物家庭,母婴家庭；养宠家庭,Pro；低噪运行；养宠家庭；宠物家庭；宠物除味；新房装修；母婴家庭；滤芯提醒；睡眠模式；空气净化器,4.7,1865,12564,0.98,免安装或简单安装,七天无理由，整机一年质保，支持在线客服,华为鸿蒙智联；Apple HomeKit
180,美的除甲醛净化器 Plus,空气净化器,美的授权专卖店,1 台,3099,46,美的,"美的除甲醛净化器 Plus 面向母婴家庭,养宠家庭，适合新房装修,母婴家庭,空气健康场景，可作为空气净化器类目的主推商品。",除甲醛；滤芯提醒；睡眠模式；PM2.5 监测,新房装修；母婴家庭；空气健康,母婴家庭；养宠家庭,PM2.5 监测；Plus；养宠家庭；新房装修；母婴家庭；滤芯提醒；睡眠模式；空气健康；空气净化器；除甲醛,4.4,333,17596,0.98,免安装或简单安装,七天无理由，整机一年质保，支持在线客服,Matter；天猫精灵
181,米家母婴加湿器 Lite,智能加湿器,米家官方旗舰店,1 台,299,146,米家,"米家母婴加湿器 Lite 面向北方家庭,睡眠敏感人群，适合冬季干燥,卧室助眠,空气健康场景，可作为智能加湿器类目的主推商品。",缺水保护；低噪运行；睡眠模式；恒湿控制,冬季干燥；卧室助眠；空气健康,北方家庭；睡眠敏感人群,Lite；低噪运行；冬季干燥；北方家庭；卧室助眠；恒湿控制；智能加湿器；睡眠敏感人群；睡眠模式；空气健康；缺水保护,4.3,4287,14594,0.98,免安装或简单安装,七天无理由，整机一年质保，支持在线客服,米家；涂鸦智能；天猫精灵
182,米家桌面加湿器 Pro,智能加湿器,米家官方旗舰店,1 台,1049,228,米家,"米家桌面加湿器 Pro 面向鼻炎人群,母婴家庭，适合冬季干燥,卧室助眠,母婴家庭场景，可作为智能加湿器类目的主推商品。",恒湿控制；大水箱；银离子抑菌；睡眠模式,冬季干燥；卧室助眠；母婴家庭,鼻炎人群；母婴家庭,Pro；冬季干燥；卧室助眠；大水箱；恒湿控制；智能加湿器；母婴家庭；睡眠模式；银离子抑菌；鼻炎人群,4.4,1187,485,0.898,免安装或简单安装,七天无理由，整机一年质保，支持在线客服,天猫精灵；米家
183,米家大容量加湿器 Plus,智能加湿器,米家智能生活专营店,1 台,999,116,米家,"米家大容量加湿器 Plus 面向鼻炎人群,睡眠敏感人群，适合卧室助眠,空气健康,母婴家庭场景，可作为智能加湿器类目的主推商品。",银离子抑菌；恒湿控制；低噪运行；缺水保护,卧室助眠；空气健康；母婴家庭,鼻炎人群；睡眠敏感人群,Plus；低噪运行；卧室助眠；恒湿控制；智能加湿器；母婴家庭；睡眠敏感人群；空气健康；缺水保护；银离子抑菌；鼻炎人群,4.3,2534,34190,0.98,免安装或简单安装,七天无理由，整机一年质保，支持在线客服,Aqara Home；Matter；天猫精灵
184,飞利浦母婴加湿器 Max,智能加湿器,飞利浦智能生活专营店,1 台,1599,24,飞利浦,"飞利浦母婴加湿器 Max 面向母婴家庭,睡眠敏感人群，适合冬季干燥,母婴家庭,卧室助眠场景，可作为智能加湿器类目的主推商品。",睡眠模式；大水箱；低噪运行；银离子抑菌,冬季干燥；母婴家庭；卧室助眠,母婴家庭；睡眠敏感人群,Max；低噪运行；冬季干燥；卧室助眠；大水箱；智能加湿器；母婴家庭；睡眠敏感人群；睡眠模式；银离子抑菌,4.2,1245,8002,0.98,免安装或简单安装,七天无理由，整机一年质保，支持在线客服,小度；Matter
185,飞利浦无雾加湿器 Pro,智能加湿器,飞利浦智能生活专营店,1 台,1249,221,飞利浦,"飞利浦无雾加湿器 Pro 面向母婴家庭,睡眠敏感人群，适合空气健康,卧室助眠,母婴家庭场景，可作为智能加湿器类目的主推商品。",银离子抑菌；缺水保护；低噪运行；大水箱,空气健康；卧室助眠；母婴家庭,母婴家庭；睡眠敏感人群,Pro；低噪运行；卧室助眠；大水箱；智能加湿器；母婴家庭；睡眠敏感人群；空气健康；缺水保护；银离子抑菌,4.6,3969,22986,0.98,免安装或简单安装,七天无理由，整机一年质保，支持在线客服,小度；天猫精灵；Apple HomeKit；Aqara Home
186,飞利浦大容量加湿器 Plus,智能加湿器,飞利浦授权专卖店,1 台,849,175,飞利浦,"飞利浦大容量加湿器 Plus 面向母婴家庭,睡眠敏感人群，适合卧室助眠,冬季干燥,母婴家庭场景，可作为智能加湿器类目的主推商品。",恒湿控制；大水箱；银离子抑菌；睡眠模式,卧室助眠；冬季干燥；母婴家庭,母婴家庭；睡眠敏感人群,Plus；冬季干燥；卧室助眠；大水箱；恒湿控制；智能加湿器；母婴家庭；睡眠敏感人群；睡眠模式；银离子抑菌,4.6,4154,34492,0.98,免安装或简单安装,七天无理由，整机一年质保，支持在线客服,涂鸦智能；Aqara Home；Matter；华为鸿蒙智联
187,美的卧室加湿器 Pro,智能加湿器,美的授权专卖店,1 台,1199,148,美的,"美的卧室加湿器 Pro 面向母婴家庭,睡眠敏感人群，适合冬季干燥,空气健康,母婴家庭场景，可作为智能加湿器类目的主推商品。",恒湿控制；大水箱；睡眠模式；低噪运行,冬季干燥；空气健康；母婴家庭,母婴家庭；睡眠敏感人群,Pro；低噪运行；冬季干燥；大水箱；恒湿控制；智能加湿器；母婴家庭；睡眠敏感人群；睡眠模式；空气健康,4.8,3800,9962,0.98,免安装或简单安装,七天无理由，整机一年质保，支持在线客服,Matter；天猫精灵；Aqara Home
188,美的母婴加湿器 Lite,智能加湿器,美的生态链旗舰店,1 台,299,215,美的,"美的母婴加湿器 Lite 面向北方家庭,鼻炎人群，适合空气健康,冬季干燥,卧室助眠场景，可作为智能加湿器类目的主推商品。",睡眠模式；低噪运行；银离子抑菌；缺水保护,空气健康；冬季干燥；卧室助眠,北方家庭；鼻炎人群,Lite；低噪运行；冬季干燥；北方家庭；卧室助眠；智能加湿器；睡眠模式；空气健康；缺水保护；银离子抑菌；鼻炎人群,4.4,171,32164,0.98,免安装或简单安装,七天无理由，整机一年质保，支持在线客服,涂鸦智能；Matter；华为鸿蒙智联；Aqara Home
189,美的无雾加湿器 Pro,智能加湿器,美的生态链旗舰店,1 台,1349,236,美的,"美的无雾加湿器 Pro 面向鼻炎人群,北方家庭，适合母婴家庭,空气健康,卧室助眠场景，可作为智能加湿器类目的主推商品。",缺水保护；睡眠模式；银离子抑菌；低噪运行,母婴家庭；空气健康；卧室助眠,鼻炎人群；北方家庭,Pro；低噪运行；北方家庭；卧室助眠；智能加湿器；母婴家庭；睡眠模式；空气健康；缺水保护；银离子抑菌；鼻炎人群,4.4,4766,33671,0.98,免安装或简单安装,七天无理由，整机一年质保，支持在线客服,米家；天猫精灵
190,小熊大容量加湿器 Lite,智能加湿器,小熊官方旗舰店,1 台,499,253,小熊,"小熊大容量加湿器 Lite 面向北方家庭,鼻炎人群，适合卧室助眠,空气健康,母婴家庭场景，可作为智能加湿器类目的主推商品。",大水箱；缺水保护；恒湿控制；低噪运行,卧室助眠；空气健康；母婴家庭,北方家庭；鼻炎人群,Lite；低噪运行；北方家庭；卧室助眠；大水箱；恒湿控制；智能加湿器；母婴家庭；空气健康；缺水保护；鼻炎人群,4.3,1863,31654,0.98,免安装或简单安装,七天无理由，整机一年质保，支持在线客服,Aqara Home；Matter；小度
191,小熊无雾加湿器 Pro,智能加湿器,小熊授权专卖店,1 台,1199,80,小熊,"小熊无雾加湿器 Pro 面向睡眠敏感人群,鼻炎人群，适合冬季干燥,卧室助眠,空气健康场景，可作为智能加湿器类目的主推商品。",银离子抑菌；恒湿控制；大水箱；睡眠模式,冬季干燥；卧室助眠；空气健康,睡眠敏感人群；鼻炎人群,Pro；冬季干燥；卧室助眠；大水箱；恒湿控制；智能加湿器；睡眠敏感人群；睡眠模式；空气健康；银离子抑菌；鼻炎人群,4.4,972,12418,0.98,免安装或简单安装,七天无理由，整机一年质保，支持在线客服,米家；天猫精灵；Matter
192,小熊恒湿加湿器 Pro,智能加湿器,小熊智能生活专营店,1 台,1199,26,小熊,"小熊恒湿加湿器 Pro 面向鼻炎人群,北方家庭，适合母婴家庭,空气健康,冬季干燥场景，可作为智能加湿器类目的主推商品。",低噪运行；缺水保护；大水箱；睡眠模式,母婴家庭；空气健康；冬季干燥,鼻炎人群；北方家庭,Pro；低噪运行；冬季干燥；北方家庭；大水箱；智能加湿器；母婴家庭；睡眠模式；空气健康；缺水保护；鼻炎人群,4.4,1523,11131,0.98,免安装或简单安装,七天无理由，整机一年质保，支持在线客服,天猫精灵；华为鸿蒙智联
193,352大容量加湿器 Lite,智能加湿器,352生态链旗舰店,1 台,239,244,352,"352大容量加湿器 Lite 面向鼻炎人群,睡眠敏感人群，适合空气健康,卧室助眠,母婴家庭场景，可作为智能加湿器类目的主推商品。",银离子抑菌；缺水保护；大水箱；睡眠模式,空气健康；卧室助眠；母婴家庭,鼻炎人群；睡眠敏感人群,Lite；卧室助眠；大水箱；智能加湿器；母婴家庭；睡眠敏感人群；睡眠模式；空气健康；缺水保护；银离子抑菌；鼻炎人群,4.9,3709,8825,0.98,免安装或简单安装,七天无理由，整机一年质保，支持在线客服,小度；米家；天猫精灵
194,352母婴加湿器 Pro,智能加湿器,352授权专卖店,1 台,1349,82,352,"352母婴加湿器 Pro 面向北方家庭,母婴家庭，适合母婴家庭,空气健康,冬季干燥场景，可作为智能加湿器类目的主推商品。",恒湿控制；低噪运行；大水箱；缺水保护,母婴家庭；空气健康；冬季干燥,北方家庭；母婴家庭,Pro；低噪运行；冬季干燥；北方家庭；大水箱；恒湿控制；智能加湿器；母婴家庭；空气健康；缺水保护,4.5,2690,16565,0.98,免安装或简单安装,七天无理由，整机一年质保，支持在线客服,小度；涂鸦智能；Matter
195,352卧室加湿器 Max,智能加湿器,352生态链旗舰店,1 台,1449,69,352,"352卧室加湿器 Max 面向北方家庭,睡眠敏感人群，适合空气健康,冬季干燥,卧室助眠场景，可作为智能加湿器类目的主推商品。",银离子抑菌；低噪运行；缺水保护；大水箱,空气健康；冬季干燥；卧室助眠,北方家庭；睡眠敏感人群,Max；低噪运行；冬季干燥；北方家庭；卧室助眠；大水箱；智能加湿器；睡眠敏感人群；空气健康；缺水保护；银离子抑菌,4.6,2794,21696,0.98,免安装或简单安装,七天无理由，整机一年质保，支持在线客服,Apple HomeKit；米家
196,华为智选恒湿加湿器 Plus,智能加湿器,华为智选授权专卖店,1 台,549,194,华为智选,"华为智选恒湿加湿器 Plus 面向睡眠敏感人群,鼻炎人群，适合母婴家庭,空气健康,卧室助眠场景，可作为智能加湿器类目的主推商品。",大水箱；恒湿控制；低噪运行；缺水保护,母婴家庭；空气健康；卧室助眠,睡眠敏感人群；鼻炎人群,Plus；低噪运行；卧室助眠；大水箱；恒湿控制；智能加湿器；母婴家庭；睡眠敏感人群；空气健康；缺水保护；鼻炎人群,4.5,1364,34713,0.98,免安装或简单安装,七天无理由，整机一年质保，支持在线客服,小度；米家；涂鸦智能
197,华为智选无雾加湿器 Pro,智能加湿器,华为智选生态链旗舰店,1 台,1049,181,华为智选,"华为智选无雾加湿器 Pro 面向睡眠敏感人群,母婴家庭，适合母婴家庭,卧室助眠,空气健康场景，可作为智能加湿器类目的主推商品。",缺水保护；恒湿控制；大水箱；睡眠模式,母婴家庭；卧室助眠；空气健康,睡眠敏感人群；母婴家庭,Pro；卧室助眠；大水箱；恒湿控制；智能加湿器；母婴家庭；睡眠敏感人群；睡眠模式；空气健康；缺水保护,4.9,705,3836,0.98,免安装或简单安装,七天无理由，整机一年质保，支持在线客服,华为鸿蒙智联；Matter；涂鸦智能
198,华为智选卧室加湿器 Max,智能加湿器,华为智选官方旗舰店,1 台,1499,67,华为智选,"华为智选卧室加湿器 Max 面向睡眠敏感人群,鼻炎人群，适合卧室助眠,冬季干燥,母婴家庭场景，可作为智能加湿器类目的主推商品。",银离子抑菌；缺水保护；睡眠模式；恒湿控制,卧室助眠；冬季干燥；母婴家庭,睡眠敏感人群；鼻炎人群,Max；冬季干燥；卧室助眠；恒湿控制；智能加湿器；母婴家庭；睡眠敏感人群；睡眠模式；缺水保护；银离子抑菌；鼻炎人群,4.3,4686,32067,0.98,免安装或简单安装,七天无理由，整机一年质保，支持在线客服,小度；Apple HomeKit；华为鸿蒙智联；涂鸦智能
199,美的智能挂机空调 Lite,智能空调,美的官方旗舰店,1 台,1999,143,美的,"美的智能挂机空调 Lite 面向睡眠敏感人群,节能用户，适合空气健康,卧室助眠,全屋智能场景，可作为智能空调类目的主推商品。",新风换气；睡眠曲线；自清洁；App 控制,空气健康；卧室助眠；全屋智能,睡眠敏感人群；节能用户,App 控制；Lite；全屋智能；卧室助眠；新风换气；智能空调；睡眠敏感人群；睡眠曲线；空气健康；自清洁；节能用户,4.7,1891,4913,0.98,需要预约安装,整机一年质保，核心部件三年质保，支持上门安装,Apple HomeKit；Aqara Home
200,美的儿童房空调 Lite,智能空调,美的官方旗舰店,1 台,3099,45,美的,"美的儿童房空调 Lite 面向新房装修,节能用户，适合卧室助眠,空气健康,全屋智能场景，可作为智能空调类目的主推商品。",新风换气；温湿联动；App 控制；一级能效,卧室助眠；空气健康；全屋智能,新房装修；节能用户,App 控制；Lite；一级能效；全屋智能；卧室助眠；新房装修；新风换气；智能空调；温湿联动；空气健康；节能用户,4.8,175,22620,0.98,需要预约安装,整机一年质保，核心部件三年质保，支持上门安装,Matter；米家；涂鸦智能
201,美的客厅立式空调 Plus,智能空调,美的智能生活专营店,1 台,5499,207,美的,"美的客厅立式空调 Plus 面向节能用户,母婴家庭，适合全屋智能,卧室助眠,节能用电场景，可作为智能空调类目的主推商品。",睡眠曲线；新风换气；温湿联动；自清洁,全屋智能；卧室助眠；节能用电,节能用户；母婴家庭,Plus；全屋智能；卧室助眠；新风换气；智能空调；母婴家庭；温湿联动；睡眠曲线；自清洁；节能用户；节能用电,4.5,3733,26799,0.98,需要预约安装,整机一年质保，核心部件三年质保，支持上门安装,天猫精灵；Apple HomeKit
202,格力一级能效空调 Plus,智能空调,格力智能生活专营店,1 台,3899,51,格力,"格力一级能效空调 Plus 面向节能用户,新房装修，适合空气健康,卧室助眠,全屋智能场景，可作为智能空调类目的主推商品。",新风换气；App 控制；温湿联动；一级能效,空气健康；卧室助眠；全屋智能,节能用户；新房装修,App 控制；Plus；一级能效；全屋智能；卧室助眠；新房装修；新风换气；智能空调；温湿联动；空气健康；节能用户,4.3,2926,6239,0.98,需要预约安装,整机一年质保，核心部件三年质保，支持上门安装,小度；Apple HomeKit
203,格力新风空调 Pro,智能空调,格力授权专卖店,1 台,7499,35,格力,"格力新风空调 Pro 面向睡眠敏感人群,节能用户，适合全屋智能,节能用电,卧室助眠场景，可作为智能空调类目的主推商品。",App 控制；一级能效；新风换气；睡眠曲线,全屋智能；节能用电；卧室助眠,睡眠敏感人群；节能用户,App 控制；Pro；一级能效；全屋智能；卧室助眠；新风换气；智能空调；睡眠敏感人群；睡眠曲线；节能用户；节能用电,4.5,810,35381,0.98,需要预约安装,整机一年质保，核心部件三年质保，支持上门安装,米家；小度
204,格力客厅立式空调 Lite,智能空调,格力官方旗舰店,1 台,1999,11,格力,"格力客厅立式空调 Lite 面向节能用户,睡眠敏感人群，适合全屋智能,卧室助眠,空气健康场景，可作为智能空调类目的主推商品。",睡眠曲线；自清洁；一级能效；温湿联动,全屋智能；卧室助眠；空气健康,节能用户；睡眠敏感人群,Lite；一级能效；全屋智能；卧室助眠；智能空调；温湿联动；睡眠敏感人群；睡眠曲线；空气健康；自清洁；节能用户,4.7,1897,32358,0.98,需要预约安装,整机一年质保，核心部件三年质保，支持上门安装,Apple HomeKit；小度；米家
205,海尔一级能效空调 Lite,智能空调,海尔授权专卖店,1 台,3699,139,海尔,"海尔一级能效空调 Lite 面向睡眠敏感人群,节能用户，适合卧室助眠,全屋智能,节能用电场景，可作为智能空调类目的主推商品。",一级能效；自清洁；温湿联动；睡眠曲线,卧室助眠；全屋智能；节能用电,睡眠敏感人群；节能用户,Lite；一级能效；全屋智能；卧室助眠；智能空调；温湿联动；睡眠敏感人群；睡眠曲线；自清洁；节能用户；节能用电,4.6,1334,17489,0.98,需要预约安装,整机一年质保，核心部件三年质保，支持上门安装,天猫精灵；Matter
206,海尔卧室空调 Plus,智能空调,海尔智能生活专营店,1 台,6199,258,海尔,"海尔卧室空调 Plus 面向节能用户,母婴家庭，适合空气健康,卧室助眠,节能用电场景，可作为智能空调类目的主推商品。",自清洁；一级能效；睡眠曲线；温湿联动,空气健康；卧室助眠；节能用电,节能用户；母婴家庭,Plus；一级能效；卧室助眠；智能空调；母婴家庭；温湿联动；睡眠曲线；空气健康；自清洁；节能用户；节能用电,4.6,1348,12860,0.98,需要预约安装,整机一年质保，核心部件三年质保，支持上门安装,Apple HomeKit；米家
207,海尔儿童房空调 Max,智能空调,海尔智能生活专营店,1 台,8599,74,海尔,"海尔儿童房空调 Max 面向母婴家庭,新房装修，适合全屋智能,空气健康,节能用电场景，可作为智能空调类目的主推商品。",自清洁；新风换气；一级能效；App 控制,全屋智能；空气健康；节能用电,母婴家庭；新房装修,App 控制；Max；一级能效；全屋智能；新房装修；新风换气；智能空调；母婴家庭；空气健康；自清洁；节能用电,4.5,3917,17749,0.98,需要预约安装,整机一年质保，核心部件三年质保，支持上门安装,天猫精灵；Matter
208,华为智选智能挂机空调 Max,智能空调,华为智选官方旗舰店,1 台,8099,67,华为智选,"华为智选智能挂机空调 Max 面向睡眠敏感人群,节能用户，适合空气健康,全屋智能,节能用电场景，可作为智能空调类目的主推商品。",温湿联动；睡眠曲线；App 控制；一级能效,空气健康；全屋智能；节能用电,睡眠敏感人群；节能用户,App 控制；Max；一级能效；全屋智能；智能空调；温湿联动；睡眠敏感人群；睡眠曲线；空气健康；节能用户；节能用电,4.6,2668,14055,0.98,需要预约安装,整机一年质保，核心部件三年质保，支持上门安装,天猫精灵；Aqara Home；华为鸿蒙智联；米家
209,华为智选客厅立式空调 Max,智能空调,华为智选生态链旗舰店,1 台,8899,246,华为智选,"华为智选客厅立式空调 Max 面向睡眠敏感人群,新房装修，适合空气健康,节能用电,卧室助眠场景，可作为智能空调类目的主推商品。",温湿联动；新风换气；自清洁；一级能效,空气健康；节能用电；卧室助眠,睡眠敏感人群；新房装修,Max；一级能效；卧室助眠；新房装修；新风换气；智能空调；温湿联动；睡眠敏感人群；空气健康；自清洁；节能用电,4.5,1453,24752,0.98,需要预约安装,整机一年质保，核心部件三年质保，支持上门安装,Apple HomeKit；华为鸿蒙智联；小度
210,华为智选一级能效空调 Pro,智能空调,华为智选智能生活专营店,1 台,7399,27,华为智选,"华为智选一级能效空调 Pro 面向睡眠敏感人群,新房装修，适合节能用电,空气健康,全屋智能场景，可作为智能空调类目的主推商品。",一级能效；App 控制；新风换气；自清洁,节能用电；空气健康；全屋智能,睡眠敏感人群；新房装修,App 控制；Pro；一级能效；全屋智能；新房装修；新风换气；智能空调；睡眠敏感人群；空气健康；自清洁；节能用电,4.8,1895,1859,0.961,需要预约安装,整机一年质保，核心部件三年质保，支持上门安装,小度；米家；Matter；Apple HomeKit
211,小米一级能效空调 Lite,智能空调,小米生态链旗舰店,1 台,3499,39,小米,"小米一级能效空调 Lite 面向节能用户,新房装修，适合全屋智能,卧室助眠,空气健康场景，可作为智能空调类目的主推商品。",温湿联动；App 控制；自清洁；新风换气,全屋智能；卧室助眠；空气健康,节能用户；新房装修,App 控制；Lite；全屋智能；卧室助眠；新房装修；新风换气；智能空调；温湿联动；空气健康；自清洁；节能用户,4.9,683,5072,0.98,需要预约安装,整机一年质保，核心部件三年质保，支持上门安装,米家；Apple HomeKit
212,小米卧室空调 Lite,智能空调,小米官方旗舰店,1 台,1999,26,小米,"小米卧室空调 Lite 面向睡眠敏感人群,节能用户，适合空气健康,全屋智能,节能用电场景，可作为智能空调类目的主推商品。",新风换气；温湿联动；睡眠曲线；自清洁,空气健康；全屋智能；节能用电,睡眠敏感人群；节能用户,Lite；全屋智能；新风换气；智能空调；温湿联动；睡眠敏感人群；睡眠曲线；空气健康；自清洁；节能用户；节能用电,4.3,1955,17465,0.98,需要预约安装,整机一年质保，核心部件三年质保，支持上门安装,米家；Matter
213,小米儿童房空调 Plus,智能空调,小米官方旗舰店,1 台,4699,154,小米,"小米儿童房空调 Plus 面向母婴家庭,睡眠敏感人群，适合节能用电,卧室助眠,全屋智能场景，可作为智能空调类目的主推商品。",新风换气；App 控制；自清洁；一级能效,节能用电；卧室助眠；全屋智能,母婴家庭；睡眠敏感人群,App 控制；Plus；一级能效；全屋智能；卧室助眠；新风换气；智能空调；母婴家庭；睡眠敏感人群；自清洁；节能用电,4.5,328,16379,0.98,需要预约安装,整机一年质保，核心部件三年质保，支持上门安装,Matter；天猫精灵；华为鸿蒙智联
214,TCL一级能效空调 Pro,智能空调,TCL授权专卖店,1 台,7699,45,TCL,"TCL一级能效空调 Pro 面向新房装修,母婴家庭，适合全屋智能,卧室助眠,节能用电场景，可作为智能空调类目的主推商品。",睡眠曲线；自清洁；一级能效；温湿联动,全屋智能；卧室助眠；节能用电,新房装修；母婴家庭,Pro；一级能效；全屋智能；卧室助眠；新房装修；智能空调；母婴家庭；温湿联动；睡眠曲线；自清洁；节能用电,4.3,2639,12344,0.98,需要预约安装,整机一年质保，核心部件三年质保，支持上门安装,Aqara Home；天猫精灵；Matter
215,TCL新风空调 Plus,智能空调,TCL生态链旗舰店,1 台,4999,143,TCL,"TCL新风空调 Plus 面向节能用户,母婴家庭，适合空气健康,卧室助眠,全屋智能场景，可作为智能空调类目的主推商品。",新风换气；温湿联动；自清洁；一级能效,空气健康；卧室助眠；全屋智能,节能用户；母婴家庭,Plus；一级能效；全屋智能；卧室助眠；新风换气；智能空调；母婴家庭；温湿联动；空气健康；自清洁；节能用户,4.8,1856,20790,0.98,需要预约安装,整机一年质保，核心部件三年质保，支持上门安装,小度；涂鸦智能；Matter
216,TCL客厅立式空调 Lite,智能空调,TCL生态链旗舰店,1 台,2499,26,TCL,"TCL客厅立式空调 Lite 面向节能用户,母婴家庭，适合空气健康,全屋智能,卧室助眠场景，可作为智能空调类目的主推商品。",App 控制；自清洁；新风换气；温湿联动,空气健康；全屋智能；卧室助眠,节能用户；母婴家庭,App 控制；Lite；全屋智能；卧室助眠；新风换气；智能空调；母婴家庭；温湿联动；空气健康；自清洁；节能用户,4.8,1966,18299,0.98,需要预约安装,整机一年质保，核心部件三年质保，支持上门安装,天猫精灵；Aqara Home；涂鸦智能；华为鸿蒙智联
217,美的智能烟灶套装 Lite,智能厨房,美的生态链旗舰店,1 台,899,95,美的,"美的智能烟灶套装 Lite 面向上班族,亲子家庭，适合新房装修,懒人做饭,智能厨房场景，可作为智能厨房类目的主推商品。",火候控制；远程提醒；预约烹饪；自动清洗,新房装修；懒人做饭；智能厨房,上班族；亲子家庭,Lite；上班族；亲子家庭；懒人做饭；新房装修；智能厨房；火候控制；自动清洗；远程提醒；预约烹饪,4.4,2698,26807,0.98,需要预约安装,整机一年质保，核心部件三年质保，支持上门安装,天猫精灵；Matter；米家；小度
218,美的破壁机 Pro,智能厨房,美的官方旗舰店,1 台,4499,104,美的,"美的破壁机 Pro 面向新房装修,上班族，适合懒人做饭,新房装修,智能厨房场景，可作为智能厨房类目的主推商品。",自动清洗；预约烹饪；远程提醒；火候控制,懒人做饭；新房装修；智能厨房,新房装修；上班族,Pro；上班族；懒人做饭；新房装修；智能厨房；火候控制；自动清洗；远程提醒；预约烹饪,4.6,3808,18710,0.98,需要预约安装,整机一年质保，核心部件三年质保，支持上门安装,Matter；天猫精灵；华为鸿蒙智联；涂鸦智能
219,美的空气炸锅 Lite,智能厨房,美的官方旗舰店,1 台,799,115,美的,"美的空气炸锅 Lite 面向新房装修,上班族，适合智能厨房,懒人做饭,健康饮食场景，可作为智能厨房类目的主推商品。",少油烹饪；自动清洗；菜谱联动；火候控制,智能厨房；懒人做饭；健康饮食,新房装修；上班族,Lite；上班族；健康饮食；少油烹饪；懒人做饭；新房装修；智能厨房；火候控制；自动清洗；菜谱联动,4.8,3553,11555,0.98,需要预约安装,整机一年质保，核心部件三年质保，支持上门安装,Matter；小度；米家；Apple HomeKit
220,苏泊尔智能烟灶套装 Lite,智能厨房,苏泊尔官方旗舰店,1 台,1299,239,苏泊尔,"苏泊尔智能烟灶套装 Lite 面向新房装修,上班族，适合智能厨房,懒人做饭,新房装修场景，可作为智能厨房类目的主推商品。",远程提醒；少油烹饪；自动清洗；菜谱联动,智能厨房；懒人做饭；新房装修,新房装修；上班族,Lite；上班族；少油烹饪；懒人做饭；新房装修；智能厨房；自动清洗；菜谱联动；远程提醒,4.4,162,13366,0.98,需要预约安装,整机一年质保，核心部件三年质保，支持上门安装,华为鸿蒙智联；米家
221,苏泊尔空气炸锅 Max,智能厨房,苏泊尔官方旗舰店,1 台,6999,131,苏泊尔,"苏泊尔空气炸锅 Max 面向亲子家庭,上班族，适合新房装修,智能厨房,健康饮食场景，可作为智能厨房类目的主推商品。",自动清洗；少油烹饪；火候控制；预约烹饪,新房装修；智能厨房；健康饮食,亲子家庭；上班族,Max；上班族；亲子家庭；健康饮食；少油烹饪；新房装修；智能厨房；火候控制；自动清洗；预约烹饪,4.7,2493,12990,0.98,需要预约安装,整机一年质保，核心部件三年质保，支持上门安装,Matter；米家；涂鸦智能；小度
222,苏泊尔洗碗机 Lite,智能厨房,苏泊尔官方旗舰店,1 台,1149,69,苏泊尔,"苏泊尔洗碗机 Lite 面向新房装修,上班族，适合新房装修,懒人做饭,智能厨房场景，可作为智能厨房类目的主推商品。",火候控制；少油烹饪；自动清洗；远程提醒,新房装修；懒人做饭；智能厨房,新房装修；上班族,Lite；上班族；少油烹饪；懒人做饭；新房装修；智能厨房；火候控制；自动清洗；远程提醒,4.2,4788,28681,0.98,需要预约安装,整机一年质保，核心部件三年质保，支持上门安装,涂鸦智能；Aqara Home
223,九阳洗碗机 Plus,智能厨房,九阳授权专卖店,1 台,3499,213,九阳,"九阳洗碗机 Plus 面向厨房小白,新房装修，适合新房装修,智能厨房,健康饮食场景，可作为智能厨房类目的主推商品。",菜谱联动；火候控制；少油烹饪；预约烹饪,新房装修；智能厨房；健康饮食,厨房小白；新房装修,Plus；健康饮食；厨房小白；少油烹饪；新房装修；智能厨房；火候控制；菜谱联动；预约烹饪,4.5,1939,25725,0.98,需要预约安装,整机一年质保，核心部件三年质保，支持上门安装,Apple HomeKit；华为鸿蒙智联
224,九阳智能烟灶套装 Max,智能厨房,九阳生态链旗舰店,1 台,6399,225,九阳,"九阳智能烟灶套装 Max 面向上班族,亲子家庭，适合智能厨房,健康饮食,新房装修场景，可作为智能厨房类目的主推商品。",自动清洗；远程提醒；菜谱联动；火候控制,智能厨房；健康饮食；新房装修,上班族；亲子家庭,Max；上班族；亲子家庭；健康饮食；新房装修；智能厨房；火候控制；自动清洗；菜谱联动；远程提醒,4.3,3209,3726,0.942,需要预约安装,整机一年质保，核心部件三年质保，支持上门安装,华为鸿蒙智联；小度
225,九阳破壁机 Plus,智能厨房,九阳官方旗舰店,1 台,3699,220,九阳,"九阳破壁机 Plus 面向厨房小白,新房装修，适合智能厨房,健康饮食,新房装修场景，可作为智能厨房类目的主推商品。",少油烹饪；远程提醒；火候控制；菜谱联动,智能厨房；健康饮食；新房装修,厨房小白；新房装修,Plus；健康饮食；厨房小白；少油烹饪；新房装修；智能厨房；火候控制；菜谱联动；远程提醒,4.5,465,27137,0.98,需要预约安装,整机一年质保，核心部件三年质保，支持上门安装,Aqara Home；Apple HomeKit
226,米家空气炸锅 Pro,智能厨房,米家智能生活专营店,1 台,5799,183,米家,"米家空气炸锅 Pro 面向亲子家庭,厨房小白，适合健康饮食,智能厨房,懒人做饭场景，可作为智能厨房类目的主推商品。",自动清洗；少油烹饪；菜谱联动；火候控制,健康饮食；智能厨房；懒人做饭,亲子家庭；厨房小白,Pro；亲子家庭；健康饮食；厨房小白；少油烹饪；懒人做饭；智能厨房；火候控制；自动清洗；菜谱联动,4.6,3745,10860,0.98,需要预约安装,整机一年质保，核心部件三年质保，支持上门安装,小度；天猫精灵
227,米家洗碗机 Max,智能厨房,米家智能生活专营店,1 台,6099,257,米家,"米家洗碗机 Max 面向厨房小白,亲子家庭，适合智能厨房,新房装修,健康饮食场景，可作为智能厨房类目的主推商品。",预约烹饪；远程提醒；菜谱联动；少油烹饪,智能厨房；新房装修；健康饮食,厨房小白；亲子家庭,Max；亲子家庭；健康饮食；厨房小白；少油烹饪；新房装修；智能厨房；菜谱联动；远程提醒；预约烹饪,4.7,2368,29979,0.98,需要预约安装,整机一年质保，核心部件三年质保，支持上门安装,小度；Apple HomeKit
228,米家智能电饭煲 Pro,智能厨房,米家智能生活专营店,1 台,5099,15,米家,"米家智能电饭煲 Pro 面向厨房小白,上班族，适合健康饮食,懒人做饭,智能厨房场景，可作为智能厨房类目的主推商品。",少油烹饪；自动清洗；预约烹饪；远程提醒,健康饮食；懒人做饭；智能厨房,厨房小白；上班族,Pro；上班族；健康饮食；厨房小白；少油烹饪；懒人做饭；智能厨房；自动清洗；远程提醒；预约烹饪,4.8,2524,10418,0.98,需要预约安装,整机一年质保，核心部件三年质保，支持上门安装,天猫精灵；小度；Apple HomeKit
229,老板智能电饭煲 Plus,智能厨房,老板生态链旗舰店,1 台,3899,258,老板,"老板智能电饭煲 Plus 面向新房装修,厨房小白，适合智能厨房,新房装修,健康饮食场景，可作为智能厨房类目的主推商品。",远程提醒；火候控制；自动清洗；预约烹饪,智能厨房；新房装修；健康饮食,新房装修；厨房小白,Plus；健康饮食；厨房小白；新房装修；智能厨房；火候控制；自动清洗；远程提醒；预约烹饪,4.6,1543,18113,0.98,需要预约安装,整机一年质保，核心部件三年质保，支持上门安装,天猫精灵；Matter
230,老板洗碗机 Plus,智能厨房,老板智能生活专营店,1 台,3099,210,老板,"老板洗碗机 Plus 面向上班族,厨房小白，适合智能厨房,健康饮食,新房装修场景，可作为智能厨房类目的主推商品。",远程提醒；预约烹饪；菜谱联动；火候控制,智能厨房；健康饮食；新房装修,上班族；厨房小白,Plus；上班族；健康饮食；厨房小白；新房装修；智能厨房；火候控制；菜谱联动；远程提醒；预约烹饪,4.5,1309,6045,0.98,需要预约安装,整机一年质保，核心部件三年质保，支持上门安装,Apple HomeKit；涂鸦智能；Matter；天猫精灵
231,老板破壁机 Max,智能厨房,老板智能生活专营店,1 台,5999,12,老板,"老板破壁机 Max 面向新房装修,亲子家庭，适合智能厨房,懒人做饭,新房装修场景，可作为智能厨房类目的主推商品。",菜谱联动；预约烹饪；少油烹饪；火候控制,智能厨房；懒人做饭；新房装修,新房装修；亲子家庭,Max；亲子家庭；少油烹饪；懒人做饭；新房装修；智能厨房；火候控制；菜谱联动；预约烹饪,4.6,3524,19307,0.98,需要预约安装,整机一年质保，核心部件三年质保，支持上门安装,米家；华为鸿蒙智联；Aqara Home
232,方太智能电饭煲 Pro,智能厨房,方太智能生活专营店,1 台,5599,221,方太,"方太智能电饭煲 Pro 面向新房装修,厨房小白，适合新房装修,智能厨房,健康饮食场景，可作为智能厨房类目的主推商品。",远程提醒；菜谱联动；自动清洗；预约烹饪,新房装修；智能厨房；健康饮食,新房装修；厨房小白,Pro；健康饮食；厨房小白；新房装修；智能厨房；自动清洗；菜谱联动；远程提醒；预约烹饪,4.7,1429,35315,0.98,需要预约安装,整机一年质保，核心部件三年质保，支持上门安装,Matter；米家
233,方太洗碗机 Pro,智能厨房,方太授权专卖店,1 台,4499,43,方太,"方太洗碗机 Pro 面向新房装修,厨房小白，适合健康饮食,智能厨房,新房装修场景，可作为智能厨房类目的主推商品。",火候控制；自动清洗；预约烹饪；少油烹饪,健康饮食；智能厨房；新房装修,新房装修；厨房小白,Pro；健康饮食；厨房小白；少油烹饪；新房装修；智能厨房；火候控制；自动清洗；预约烹饪,4.9,4722,31671,0.98,需要预约安装,整机一年质保，核心部件三年质保，支持上门安装,小度；Aqara Home；涂鸦智能
234,方太破壁机 Pro,智能厨房,方太授权专卖店,1 台,4599,240,方太,"方太破壁机 Pro 面向亲子家庭,厨房小白，适合健康饮食,新房装修,智能厨房场景，可作为智能厨房类目的主推商品。",火候控制；菜谱联动；远程提醒；自动清洗,健康饮食；新房装修；智能厨房,亲子家庭；厨房小白,Pro；亲子家庭；健康饮食；厨房小白；新房装修；智能厨房；火候控制；自动清洗；菜谱联动；远程提醒,4.3,636,23818,0.98,需要预约安装,整机一年质保，核心部件三年质保，支持上门安装,Aqara Home；Apple HomeKit
235,海尔母婴冰箱 Pro,智能冰箱,海尔官方旗舰店,1 台,11399,255,海尔,"海尔母婴冰箱 Pro 面向囤货家庭,亲子家庭，适合母婴家庭,健康饮食,智能厨房场景，可作为智能冰箱类目的主推商品。",大容量；App 提醒；分区保鲜；食材管理,母婴家庭；健康饮食；智能厨房,囤货家庭；亲子家庭,App 提醒；Pro；亲子家庭；健康饮食；分区保鲜；囤货家庭；大容量；智能冰箱；智能厨房；母婴家庭；食材管理,4.6,1699,17645,0.98,需要预约安装,整机一年质保，核心部件三年质保，支持上门安装,Matter；华为鸿蒙智联；米家
236,海尔对开门冰箱 Pro,智能冰箱,海尔生态链旗舰店,1 台,10599,47,海尔,"海尔对开门冰箱 Pro 面向大户型家庭,新房装修，适合健康饮食,智能厨房,母婴家庭场景，可作为智能冰箱类目的主推商品。",分区保鲜；App 提醒；变频节能；食材管理,健康饮食；智能厨房；母婴家庭,大户型家庭；新房装修,App 提醒；Pro；健康饮食；分区保鲜；变频节能；大户型家庭；新房装修；智能冰箱；智能厨房；母婴家庭；食材管理,4.6,1066,5479,0.98,需要预约安装,整机一年质保，核心部件三年质保，支持上门安装,涂鸦智能；米家；天猫精灵
237,海尔保鲜冰箱 Plus,智能冰箱,海尔生态链旗舰店,1 台,8899,158,海尔,"海尔保鲜冰箱 Plus 面向囤货家庭,亲子家庭，适合健康饮食,智能厨房,母婴家庭场景，可作为智能冰箱类目的主推商品。",分区保鲜；App 提醒；净味除菌；大容量,健康饮食；智能厨房；母婴家庭,囤货家庭；亲子家庭,App 提醒；Plus；亲子家庭；健康饮食；净味除菌；分区保鲜；囤货家庭；大容量；智能冰箱；智能厨房；母婴家庭,4.6,3629,26242,0.98,需要预约安装,整机一年质保，核心部件三年质保，支持上门安装,华为鸿蒙智联；天猫精灵；涂鸦智能；小度
238,美的对开门冰箱 Plus,智能冰箱,美的官方旗舰店,1 台,9299,134,美的,"美的对开门冰箱 Plus 面向新房装修,大户型家庭，适合健康饮食,智能厨房,新房装修场景，可作为智能冰箱类目的主推商品。",分区保鲜；大容量；食材管理；变频节能,健康饮食；智能厨房；新房装修,新房装修；大户型家庭,Plus；健康饮食；分区保鲜；变频节能；大容量；大户型家庭；新房装修；智能冰箱；智能厨房；食材管理,4.2,2774,14577,0.98,需要预约安装,整机一年质保，核心部件三年质保，支持上门安装,Apple HomeKit；华为鸿蒙智联
239,美的母婴冰箱 Plus,智能冰箱,美的官方旗舰店,1 台,8499,232,美的,"美的母婴冰箱 Plus 面向新房装修,大户型家庭，适合健康饮食,新房装修,智能厨房场景，可作为智能冰箱类目的主推商品。",食材管理；分区保鲜；变频节能；净味除菌,健康饮食；新房装修；智能厨房,新房装修；大户型家庭,Plus；健康饮食；净味除菌；分区保鲜；变频节能；大户型家庭；新房装修；智能冰箱；智能厨房；食材管理,4.5,1675,3529,0.959,需要预约安装,整机一年质保，核心部件三年质保，支持上门安装,华为鸿蒙智联；小度；涂鸦智能
240,美的超薄冰箱 Plus,智能冰箱,美的授权专卖店,1 台,8299,202,美的,"美的超薄冰箱 Plus 面向囤货家庭,大户型家庭，适合新房装修,母婴家庭,健康饮食场景，可作为智能冰箱类目的主推商品。",大容量；分区保鲜；变频节能；食材管理,新房装修；母婴家庭；健康饮食,囤货家庭；大户型家庭,Plus；健康饮食；分区保鲜；变频节能；囤货家庭；大容量；大户型家庭；新房装修；智能冰箱；母婴家庭；食材管理,4.5,3775,10688,0.98,需要预约安装,整机一年质保，核心部件三年质保，支持上门安装,Aqara Home；Apple HomeKit；华为鸿蒙智联；米家
241,容声对开门冰箱 Max,智能冰箱,容声生态链旗舰店,1 台,13799,170,容声,"容声对开门冰箱 Max 面向亲子家庭,囤货家庭，适合母婴家庭,新房装修,智能厨房场景，可作为智能冰箱类目的主推商品。",净味除菌；App 提醒；食材管理；分区保鲜,母婴家庭；新房装修；智能厨房,亲子家庭；囤货家庭,App 提醒；Max；亲子家庭；净味除菌；分区保鲜；囤货家庭；新房装修；智能冰箱；智能厨房；母婴家庭；食材管理,4.8,2066,24265,0.98,需要预约安装,整机一年质保，核心部件三年质保，支持上门安装,小度；天猫精灵
242,容声保鲜冰箱 Plus,智能冰箱,容声智能生活专营店,1 台,8699,65,容声,"容声保鲜冰箱 Plus 面向新房装修,亲子家庭，适合母婴家庭,新房装修,智能厨房场景，可作为智能冰箱类目的主推商品。",食材管理；变频节能；分区保鲜；App 提醒,母婴家庭；新房装修；智能厨房,新房装修；亲子家庭,App 提醒；Plus；亲子家庭；分区保鲜；变频节能；新房装修；智能冰箱；智能厨房；母婴家庭；食材管理,4.8,1505,12299,0.98,需要预约安装,整机一年质保，核心部件三年质保，支持上门安装,Apple HomeKit；Aqara Home；华为鸿蒙智联；涂鸦智能
243,容声多门智能冰箱 Plus,智能冰箱,容声官方旗舰店,1 台,7799,24,容声,"容声多门智能冰箱 Plus 面向囤货家庭,亲子家庭，适合智能厨房,健康饮食,新房装修场景，可作为智能冰箱类目的主推商品。",分区保鲜；App 提醒；大容量；食材管理,智能厨房；健康饮食；新房装修,囤货家庭；亲子家庭,App 提醒；Plus；亲子家庭；健康饮食；分区保鲜；囤货家庭；大容量；新房装修；智能冰箱；智能厨房；食材管理,4.6,3477,5095,0.98,需要预约安装,整机一年质保，核心部件三年质保，支持上门安装,米家；涂鸦智能；Aqara Home；Apple HomeKit
244,TCL母婴冰箱 Plus,智能冰箱,TCL授权专卖店,1 台,6199,197,TCL,"TCL母婴冰箱 Plus 面向大户型家庭,新房装修，适合健康饮食,母婴家庭,智能厨房场景，可作为智能冰箱类目的主推商品。",大容量；变频节能；App 提醒；食材管理,健康饮食；母婴家庭；智能厨房,大户型家庭；新房装修,App 提醒；Plus；健康饮食；变频节能；大容量；大户型家庭；新房装修；智能冰箱；智能厨房；母婴家庭；食材管理,4.4,946,3975,0.956,需要预约安装,整机一年质保，核心部件三年质保，支持上门安装,Aqara Home；小度；华为鸿蒙智联
245,TCL对开门冰箱 Lite,智能冰箱,TCL官方旗舰店,1 台,4099,45,TCL,"TCL对开门冰箱 Lite 面向新房装修,囤货家庭，适合新房装修,智能厨房,母婴家庭场景，可作为智能冰箱类目的主推商品。",变频节能；分区保鲜；大容量；食材管理,新房装修；智能厨房；母婴家庭,新房装修；囤货家庭,Lite；分区保鲜；变频节能；囤货家庭；大容量；新房装修；智能冰箱；智能厨房；母婴家庭；食材管理,4.7,2781,28320,0.98,需要预约安装,整机一年质保，核心部件三年质保，支持上门安装,华为鸿蒙智联；小度；Matter；Aqara Home
246,TCL多门智能冰箱 Max,智能冰箱,TCL官方旗舰店,1 台,13799,166,TCL,"TCL多门智能冰箱 Max 面向大户型家庭,亲子家庭，适合母婴家庭,健康饮食,新房装修场景，可作为智能冰箱类目的主推商品。",净味除菌；分区保鲜；食材管理；App 提醒,母婴家庭；健康饮食；新房装修,大户型家庭；亲子家庭,App 提醒；Max；亲子家庭；健康饮食；净味除菌；分区保鲜；大户型家庭；新房装修；智能冰箱；母婴家庭；食材管理,4.6,1583,16203,0.98,需要预约安装,整机一年质保，核心部件三年质保，支持上门安装,米家；Aqara Home
247,米家超薄冰箱 Plus,智能冰箱,米家授权专卖店,1 台,7899,56,米家,"米家超薄冰箱 Plus 面向囤货家庭,亲子家庭，适合母婴家庭,智能厨房,新房装修场景，可作为智能冰箱类目的主推商品。",App 提醒；食材管理；大容量；变频节能,母婴家庭；智能厨房；新房装修,囤货家庭；亲子家庭,App 提醒；Plus；亲子家庭；变频节能；囤货家庭；大容量；新房装修；智能冰箱；智能厨房；母婴家庭；食材管理,4.8,2626,20600,0.98,需要预约安装,整机一年质保，核心部件三年质保，支持上门安装,华为鸿蒙智联；Matter；Apple HomeKit
248,米家母婴冰箱 Max,智能冰箱,米家智能生活专营店,1 台,13899,236,米家,"米家母婴冰箱 Max 面向亲子家庭,囤货家庭，适合新房装修,智能厨房,母婴家庭场景，可作为智能冰箱类目的主推商品。",分区保鲜；大容量；App 提醒；食材管理,新房装修；智能厨房；母婴家庭,亲子家庭；囤货家庭,App 提醒；Max；亲子家庭；分区保鲜；囤货家庭；大容量；新房装修；智能冰箱；智能厨房；母婴家庭；食材管理,4.6,1653,1357,0.933,需要预约安装,整机一年质保，核心部件三年质保，支持上门安装,天猫精灵；涂鸦智能；华为鸿蒙智联；米家
249,米家对开门冰箱 Lite,智能冰箱,米家生态链旗舰店,1 台,4199,205,米家,"米家对开门冰箱 Lite 面向新房装修,亲子家庭，适合健康饮食,新房装修,智能厨房场景，可作为智能冰箱类目的主推商品。",净味除菌；大容量；分区保鲜；变频节能,健康饮食；新房装修；智能厨房,新房装修；亲子家庭,Lite；亲子家庭；健康饮食；净味除菌；分区保鲜；变频节能；大容量；新房装修；智能冰箱；智能厨房,4.3,2139,6410,0.98,需要预约安装,整机一年质保，核心部件三年质保，支持上门安装,米家；Aqara Home；华为鸿蒙智联
250,卡萨帝多门智能冰箱 Lite,智能冰箱,卡萨帝智能生活专营店,1 台,2499,194,卡萨帝,"卡萨帝多门智能冰箱 Lite 面向大户型家庭,囤货家庭，适合母婴家庭,健康饮食,智能厨房场景，可作为智能冰箱类目的主推商品。",食材管理；大容量；净味除菌；分区保鲜,母婴家庭；健康饮食；智能厨房,大户型家庭；囤货家庭,Lite；健康饮食；净味除菌；分区保鲜；囤货家庭；大容量；大户型家庭；智能冰箱；智能厨房；母婴家庭；食材管理,4.7,1664,24422,0.98,需要预约安装,整机一年质保，核心部件三年质保，支持上门安装,小度；涂鸦智能；Matter；华为鸿蒙智联
251,卡萨帝对开门冰箱 Pro,智能冰箱,卡萨帝官方旗舰店,1 台,10999,208,卡萨帝,"卡萨帝对开门冰箱 Pro 面向亲子家庭,大户型家庭，适合新房装修,健康饮食,智能厨房场景，可作为智能冰箱类目的主推商品。",食材管理；变频节能；分区保鲜；净味除菌,新房装修；健康饮食；智能厨房,亲子家庭；大户型家庭,Pro；亲子家庭；健康饮食；净味除菌；分区保鲜；变频节能；大户型家庭；新房装修；智能冰箱；智能厨房；食材管理,4.5,3234,35407,0.98,需要预约安装,整机一年质保，核心部件三年质保，支持上门安装,小度；华为鸿蒙智联；Matter；涂鸦智能
252,卡萨帝嵌入式冰箱 Plus,智能冰箱,卡萨帝官方旗舰店,1 台,7599,236,卡萨帝,"卡萨帝嵌入式冰箱 Plus 面向亲子家庭,新房装修，适合新房装修,智能厨房,母婴家庭场景，可作为智能冰箱类目的主推商品。",App 提醒；食材管理；净味除菌；变频节能,新房装修；智能厨房；母婴家庭,亲子家庭；新房装修,App 提醒；Plus；亲子家庭；净味除菌；变频节能；新房装修；智能冰箱；智能厨房；母婴家庭；食材管理,4.4,2410,22277,0.98,需要预约安装,整机一年质保，核心部件三年质保，支持上门安装,米家；涂鸦智能
253,小天鹅分区洗衣机 Max,智能洗衣机,小天鹅授权专卖店,1 台,8899,115,小天鹅,"小天鹅分区洗衣机 Max 面向母婴家庭,上班族，适合母婴家庭,懒人家务,阳台改造场景，可作为智能洗衣机类目的主推商品。",除菌洗；智能投放；App 预约；烘干护理,母婴家庭；懒人家务；阳台改造,母婴家庭；上班族,App 预约；Max；上班族；懒人家务；智能投放；智能洗衣机；母婴家庭；烘干护理；阳台改造；除菌洗,4.8,3418,7774,0.98,需要预约安装,整机一年质保，核心部件三年质保，支持上门安装,Apple HomeKit；天猫精灵；米家；华为鸿蒙智联
254,小天鹅洗烘一体机 Pro,智能洗衣机,小天鹅生态链旗舰店,1 台,8199,68,小天鹅,"小天鹅洗烘一体机 Pro 面向衣物护理人群,母婴家庭，适合懒人家务,母婴家庭,衣物护理场景，可作为智能洗衣机类目的主推商品。",除菌洗；羊毛洗；App 预约；筒自洁,懒人家务；母婴家庭；衣物护理,衣物护理人群；母婴家庭,App 预约；Pro；懒人家务；智能洗衣机；母婴家庭；筒自洁；羊毛洗；衣物护理；衣物护理人群；除菌洗,4.8,3589,29825,0.98,需要预约安装,整机一年质保，核心部件三年质保，支持上门安装,Matter；天猫精灵
255,小天鹅内衣洗衣机 Pro,智能洗衣机,小天鹅智能生活专营店,1 台,6699,223,小天鹅,"小天鹅内衣洗衣机 Pro 面向衣物护理人群,母婴家庭，适合阳台改造,衣物护理,懒人家务场景，可作为智能洗衣机类目的主推商品。",App 预约；羊毛洗；智能投放；烘干护理,阳台改造；衣物护理；懒人家务,衣物护理人群；母婴家庭,App 预约；Pro；懒人家务；智能投放；智能洗衣机；母婴家庭；烘干护理；羊毛洗；衣物护理；衣物护理人群；阳台改造,4.3,2939,14908,0.98,需要预约安装,整机一年质保，核心部件三年质保，支持上门安装,Aqara Home；天猫精灵；涂鸦智能
256,海尔分区洗衣机 Plus,智能洗衣机,海尔生态链旗舰店,1 台,6299,13,海尔,"海尔分区洗衣机 Plus 面向衣物护理人群,小户型家庭，适合衣物护理,懒人家务,阳台改造场景，可作为智能洗衣机类目的主推商品。",智能投放；筒自洁；羊毛洗；App 预约,衣物护理；懒人家务；阳台改造,衣物护理人群；小户型家庭,App 预约；Plus；小户型家庭；懒人家务；智能投放；智能洗衣机；筒自洁；羊毛洗；衣物护理；衣物护理人群；阳台改造,4.9,1964,12893,0.98,需要预约安装,整机一年质保，核心部件三年质保，支持上门安装,Matter；天猫精灵
257,海尔滚筒洗衣机 Max,智能洗衣机,海尔生态链旗舰店,1 台,8999,162,海尔,"海尔滚筒洗衣机 Max 面向衣物护理人群,小户型家庭，适合懒人家务,母婴家庭,阳台改造场景，可作为智能洗衣机类目的主推商品。",除菌洗；App 预约；羊毛洗；智能投放,懒人家务；母婴家庭；阳台改造,衣物护理人群；小户型家庭,App 预约；Max；小户型家庭；懒人家务；智能投放；智能洗衣机；母婴家庭；羊毛洗；衣物护理人群；阳台改造；除菌洗,4.4,4486,31986,0.98,需要预约安装,整机一年质保，核心部件三年质保，支持上门安装,涂鸦智能；Aqara Home；华为鸿蒙智联
258,海尔热泵洗烘套装 Lite,智能洗衣机,海尔智能生活专营店,1 台,1799,139,海尔,"海尔热泵洗烘套装 Lite 面向衣物护理人群,母婴家庭，适合阳台改造,母婴家庭,懒人家务场景，可作为智能洗衣机类目的主推商品。",烘干护理；智能投放；除菌洗；筒自洁,阳台改造；母婴家庭；懒人家务,衣物护理人群；母婴家庭,Lite；懒人家务；智能投放；智能洗衣机；母婴家庭；烘干护理；筒自洁；衣物护理人群；阳台改造；除菌洗,4.6,3636,31048,0.98,需要预约安装,整机一年质保，核心部件三年质保，支持上门安装,Aqara Home；涂鸦智能；Apple HomeKit；华为鸿蒙智联
259,美的内衣洗衣机 Max,智能洗衣机,美的官方旗舰店,1 台,8599,170,美的,"美的内衣洗衣机 Max 面向母婴家庭,上班族，适合阳台改造,母婴家庭,衣物护理场景，可作为智能洗衣机类目的主推商品。",智能投放；羊毛洗；筒自洁；烘干护理,阳台改造；母婴家庭；衣物护理,母婴家庭；上班族,Max；上班族；智能投放；智能洗衣机；母婴家庭；烘干护理；筒自洁；羊毛洗；衣物护理；阳台改造,4.5,3901,7249,0.98,需要预约安装,整机一年质保，核心部件三年质保，支持上门安装,米家；华为鸿蒙智联
260,美的滚筒洗衣机 Plus,智能洗衣机,美的智能生活专营店,1 台,5399,255,美的,"美的滚筒洗衣机 Plus 面向母婴家庭,衣物护理人群，适合衣物护理,母婴家庭,懒人家务场景，可作为智能洗衣机类目的主推商品。",筒自洁；羊毛洗；烘干护理；智能投放,衣物护理；母婴家庭；懒人家务,母婴家庭；衣物护理人群,Plus；懒人家务；智能投放；智能洗衣机；母婴家庭；烘干护理；筒自洁；羊毛洗；衣物护理；衣物护理人群,4.6,138,12631,0.98,需要预约安装,整机一年质保，核心部件三年质保，支持上门安装,涂鸦智能；Aqara Home
261,美的母婴洗衣机 Pro,智能洗衣机,美的生态链旗舰店,1 台,6899,128,美的,"美的母婴洗衣机 Pro 面向衣物护理人群,上班族，适合母婴家庭,懒人家务,阳台改造场景，可作为智能洗衣机类目的主推商品。",羊毛洗；筒自洁；App 预约；烘干护理,母婴家庭；懒人家务；阳台改造,衣物护理人群；上班族,App 预约；Pro；上班族；懒人家务；智能洗衣机；母婴家庭；烘干护理；筒自洁；羊毛洗；衣物护理人群；阳台改造,4.5,129,5363,0.98,需要预约安装,整机一年质保，核心部件三年质保，支持上门安装,Matter；Aqara Home；天猫精灵
262,米家热泵洗烘套装 Lite,智能洗衣机,米家生态链旗舰店,1 台,1899,108,米家,"米家热泵洗烘套装 Lite 面向小户型家庭,衣物护理人群，适合懒人家务,母婴家庭,衣物护理场景，可作为智能洗衣机类目的主推商品。",羊毛洗；智能投放；App 预约；烘干护理,懒人家务；母婴家庭；衣物护理,小户型家庭；衣物护理人群,App 预约；Lite；小户型家庭；懒人家务；智能投放；智能洗衣机；母婴家庭；烘干护理；羊毛洗；衣物护理；衣物护理人群,4.5,510,13134,0.98,需要预约安装,整机一年质保，核心部件三年质保，支持上门安装,Aqara Home；天猫精灵；涂鸦智能
263,米家内衣洗衣机 Plus,智能洗衣机,米家生态链旗舰店,1 台,5999,225,米家,"米家内衣洗衣机 Plus 面向母婴家庭,衣物护理人群，适合阳台改造,衣物护理,懒人家务场景，可作为智能洗衣机类目的主推商品。",App 预约；筒自洁；除菌洗；羊毛洗,阳台改造；衣物护理；懒人家务,母婴家庭；衣物护理人群,App 预约；Plus；懒人家务；智能洗衣机；母婴家庭；筒自洁；羊毛洗；衣物护理；衣物护理人群；阳台改造；除菌洗,4.7,1483,16885,0.98,需要预约安装,整机一年质保，核心部件三年质保，支持上门安装,Aqara Home；米家；涂鸦智能；小度
264,米家洗烘一体机 Plus,智能洗衣机,米家生态链旗舰店,1 台,5499,247,米家,"米家洗烘一体机 Plus 面向上班族,小户型家庭，适合懒人家务,阳台改造,母婴家庭场景，可作为智能洗衣机类目的主推商品。",筒自洁；羊毛洗；烘干护理；智能投放,懒人家务；阳台改造；母婴家庭,上班族；小户型家庭,Plus；上班族；小户型家庭；懒人家务；智能投放；智能洗衣机；母婴家庭；烘干护理；筒自洁；羊毛洗；阳台改造,4.2,3349,31153,0.98,需要预约安装,整机一年质保，核心部件三年质保，支持上门安装,涂鸦智能；Apple HomeKit；米家
265,西门子滚筒洗衣机 Plus,智能洗衣机,西门子生态链旗舰店,1 台,3699,142,西门子,"西门子滚筒洗衣机 Plus 面向母婴家庭,上班族，适合母婴家庭,阳台改造,衣物护理场景，可作为智能洗衣机类目的主推商品。",烘干护理；筒自洁；App 预约；智能投放,母婴家庭；阳台改造；衣物护理,母婴家庭；上班族,App 预约；Plus；上班族；智能投放；智能洗衣机；母婴家庭；烘干护理；筒自洁；衣物护理；阳台改造,4.8,757,7695,0.98,需要预约安装,整机一年质保，核心部件三年质保，支持上门安装,米家；涂鸦智能；Aqara Home；Matter
266,西门子分区洗衣机 Plus,智能洗衣机,西门子授权专卖店,1 台,5799,12,西门子,"西门子分区洗衣机 Plus 面向母婴家庭,上班族，适合衣物护理,母婴家庭,懒人家务场景，可作为智能洗衣机类目的主推商品。",App 预约；羊毛洗；烘干护理；智能投放,衣物护理；母婴家庭；懒人家务,母婴家庭；上班族,App 预约；Plus；上班族；懒人家务；智能投放；智能洗衣机；母婴家庭；烘干护理；羊毛洗；衣物护理,4.5,2817,9066,0.98,需要预约安装,整机一年质保，核心部件三年质保，支持上门安装,米家；小度
267,西门子内衣洗衣机 Plus,智能洗衣机,西门子官方旗舰店,1 台,3599,34,西门子,"西门子内衣洗衣机 Plus 面向母婴家庭,上班族，适合懒人家务,衣物护理,阳台改造场景，可作为智能洗衣机类目的主推商品。",除菌洗；App 预约；筒自洁；羊毛洗,懒人家务；衣物护理；阳台改造,母婴家庭；上班族,App 预约；Plus；上班族；懒人家务；智能洗衣机；母婴家庭；筒自洁；羊毛洗；衣物护理；阳台改造；除菌洗,4.3,3581,17914,0.98,需要预约安装,整机一年质保，核心部件三年质保，支持上门安装,Apple HomeKit；小度；涂鸦智能
268,TCL母婴洗衣机 Lite,智能洗衣机,TCL官方旗舰店,1 台,2899,88,TCL,"TCL母婴洗衣机 Lite 面向小户型家庭,衣物护理人群，适合衣物护理,母婴家庭,阳台改造场景，可作为智能洗衣机类目的主推商品。",烘干护理；App 预约；除菌洗；智能投放,衣物护理；母婴家庭；阳台改造,小户型家庭；衣物护理人群,App 预约；Lite；小户型家庭；智能投放；智能洗衣机；母婴家庭；烘干护理；衣物护理；衣物护理人群；阳台改造；除菌洗,4.3,2430,14720,0.98,需要预约安装,整机一年质保，核心部件三年质保，支持上门安装,华为鸿蒙智联；Aqara Home；Apple HomeKit；天猫精灵
269,TCL分区洗衣机 Pro,智能洗衣机,TCL智能生活专营店,1 台,7199,87,TCL,"TCL分区洗衣机 Pro 面向母婴家庭,衣物护理人群，适合懒人家务,衣物护理,母婴家庭场景，可作为智能洗衣机类目的主推商品。",智能投放；App 预约；筒自洁；除菌洗,懒人家务；衣物护理；母婴家庭,母婴家庭；衣物护理人群,App 预约；Pro；懒人家务；智能投放；智能洗衣机；母婴家庭；筒自洁；衣物护理；衣物护理人群；除菌洗,4.3,4473,26611,0.98,需要预约安装,整机一年质保，核心部件三年质保，支持上门安装,小度；华为鸿蒙智联
270,TCL热泵洗烘套装 Lite,智能洗衣机,TCL生态链旗舰店,1 台,2799,162,TCL,"TCL热泵洗烘套装 Lite 面向衣物护理人群,小户型家庭，适合阳台改造,懒人家务,衣物护理场景，可作为智能洗衣机类目的主推商品。",App 预约；羊毛洗；除菌洗；筒自洁,阳台改造；懒人家务；衣物护理,衣物护理人群；小户型家庭,App 预约；Lite；小户型家庭；懒人家务；智能洗衣机；筒自洁；羊毛洗；衣物护理；衣物护理人群；阳台改造；除菌洗,4.4,4462,28643,0.98,需要预约安装,整机一年质保，核心部件三年质保，支持上门安装,涂鸦智能；Apple HomeKit；天猫精灵；华为鸿蒙智联
271,好太太电动晾衣架 Max,智能晾衣架,好太太授权专卖店,1 台,3899,160,好太太,"好太太电动晾衣架 Max 面向老人家庭,新房装修，适合衣物护理,母婴家庭,阳台改造场景，可作为智能晾衣架类目的主推商品。",热风烘干；电动升降；照明；遇阻即停,衣物护理；母婴家庭；阳台改造,老人家庭；新房装修,Max；新房装修；智能晾衣架；母婴家庭；热风烘干；照明；电动升降；老人家庭；衣物护理；遇阻即停；阳台改造,4.5,1195,21746,0.98,需要预约安装,七天无理由，整机一年质保，支持在线客服,天猫精灵；Matter；米家
272,好太太阳台晾衣机 Lite,智能晾衣架,好太太官方旗舰店,1 台,1099,176,好太太,"好太太阳台晾衣机 Lite 面向新房装修,母婴家庭，适合阳台改造,衣物护理,母婴家庭场景，可作为智能晾衣架类目的主推商品。",紫外杀菌；遇阻即停；语音控制；热风烘干,阳台改造；衣物护理；母婴家庭,新房装修；母婴家庭,Lite；新房装修；智能晾衣架；母婴家庭；热风烘干；紫外杀菌；衣物护理；语音控制；遇阻即停；阳台改造,4.7,1309,7800,0.98,需要预约安装,七天无理由，整机一年质保，支持在线客服,华为鸿蒙智联；天猫精灵；Aqara Home；Apple HomeKit
273,好太太薄款晾衣架 Pro,智能晾衣架,好太太官方旗舰店,1 台,3199,198,好太太,"好太太薄款晾衣架 Pro 面向新房装修,阳台用户，适合衣物护理,全屋智能,阳台改造场景，可作为智能晾衣架类目的主推商品。",电动升降；遇阻即停；照明；紫外杀菌,衣物护理；全屋智能；阳台改造,新房装修；阳台用户,Pro；全屋智能；新房装修；智能晾衣架；照明；电动升降；紫外杀菌；衣物护理；遇阻即停；阳台改造；阳台用户,4.6,4355,7500,0.98,需要预约安装,七天无理由，整机一年质保，支持在线客服,Apple HomeKit；天猫精灵
274,邦先生母婴晾衣架 Plus,智能晾衣架,邦先生官方旗舰店,1 台,2599,110,邦先生,"邦先生母婴晾衣架 Plus 面向母婴家庭,新房装修，适合阳台改造,衣物护理,母婴家庭场景，可作为智能晾衣架类目的主推商品。",热风烘干；电动升降；照明；遇阻即停,阳台改造；衣物护理；母婴家庭,母婴家庭；新房装修,Plus；新房装修；智能晾衣架；母婴家庭；热风烘干；照明；电动升降；衣物护理；遇阻即停；阳台改造,4.3,2173,4350,0.953,需要预约安装,七天无理由，整机一年质保，支持在线客服,米家；Apple HomeKit
275,邦先生阳台晾衣机 Pro,智能晾衣架,邦先生授权专卖店,1 台,3399,191,邦先生,"邦先生阳台晾衣机 Pro 面向阳台用户,老人家庭，适合母婴家庭,全屋智能,衣物护理场景，可作为智能晾衣架类目的主推商品。",紫外杀菌；语音控制；照明；遇阻即停,母婴家庭；全屋智能；衣物护理,阳台用户；老人家庭,Pro；全屋智能；智能晾衣架；母婴家庭；照明；紫外杀菌；老人家庭；衣物护理；语音控制；遇阻即停；阳台用户,4.3,726,23531,0.98,需要预约安装,七天无理由，整机一年质保，支持在线客服,涂鸦智能；米家
276,邦先生薄款晾衣架 Pro,智能晾衣架,邦先生智能生活专营店,1 台,3299,51,邦先生,"邦先生薄款晾衣架 Pro 面向母婴家庭,新房装修，适合母婴家庭,衣物护理,全屋智能场景，可作为智能晾衣架类目的主推商品。",语音控制；遇阻即停；电动升降；紫外杀菌,母婴家庭；衣物护理；全屋智能,母婴家庭；新房装修,Pro；全屋智能；新房装修；智能晾衣架；母婴家庭；电动升降；紫外杀菌；衣物护理；语音控制；遇阻即停,4.7,3591,30232,0.98,需要预约安装,七天无理由，整机一年质保，支持在线客服,涂鸦智能；米家
277,米家杀菌晾衣架 Plus,智能晾衣架,米家授权专卖店,1 台,1799,207,米家,"米家杀菌晾衣架 Plus 面向新房装修,老人家庭，适合衣物护理,全屋智能,母婴家庭场景，可作为智能晾衣架类目的主推商品。",电动升降；遇阻即停；照明；紫外杀菌,衣物护理；全屋智能；母婴家庭,新房装修；老人家庭,Plus；全屋智能；新房装修；智能晾衣架；母婴家庭；照明；电动升降；紫外杀菌；老人家庭；衣物护理；遇阻即停,4.5,3387,19466,0.98,需要预约安装,七天无理由，整机一年质保，支持在线客服,华为鸿蒙智联；天猫精灵；Aqara Home；Matter
278,米家电动晾衣架 Max,智能晾衣架,米家授权专卖店,1 台,3499,88,米家,"米家电动晾衣架 Max 面向母婴家庭,阳台用户，适合母婴家庭,衣物护理,阳台改造场景，可作为智能晾衣架类目的主推商品。",照明；热风烘干；遇阻即停；电动升降,母婴家庭；衣物护理；阳台改造,母婴家庭；阳台用户,Max；智能晾衣架；母婴家庭；热风烘干；照明；电动升降；衣物护理；遇阻即停；阳台改造；阳台用户,4.5,3938,3474,0.958,需要预约安装,七天无理由，整机一年质保，支持在线客服,Matter；涂鸦智能；Aqara Home；天猫精灵
279,米家母婴晾衣架 Lite,智能晾衣架,米家官方旗舰店,1 台,1499,75,米家,"米家母婴晾衣架 Lite 面向新房装修,母婴家庭，适合母婴家庭,阳台改造,全屋智能场景，可作为智能晾衣架类目的主推商品。",遇阻即停；紫外杀菌；语音控制；电动升降,母婴家庭；阳台改造；全屋智能,新房装修；母婴家庭,Lite；全屋智能；新房装修；智能晾衣架；母婴家庭；电动升降；紫外杀菌；语音控制；遇阻即停；阳台改造,4.4,1818,5634,0.98,需要预约安装,七天无理由，整机一年质保，支持在线客服,Aqara Home；米家；华为鸿蒙智联；涂鸦智能
280,Aqara烘干晾衣架 Lite,智能晾衣架,Aqara生态链旗舰店,1 台,1599,87,Aqara,"Aqara烘干晾衣架 Lite 面向老人家庭,母婴家庭，适合全屋智能,母婴家庭,衣物护理场景，可作为智能晾衣架类目的主推商品。",热风烘干；遇阻即停；语音控制；紫外杀菌,全屋智能；母婴家庭；衣物护理,老人家庭；母婴家庭,Lite；全屋智能；智能晾衣架；母婴家庭；热风烘干；紫外杀菌；老人家庭；衣物护理；语音控制；遇阻即停,4.8,2388,32813,0.98,需要预约安装,七天无理由，整机一年质保，支持在线客服,小度；涂鸦智能
281,Aqara电动晾衣架 Plus,智能晾衣架,Aqara授权专卖店,1 台,2699,140,Aqara,"Aqara电动晾衣架 Plus 面向母婴家庭,老人家庭，适合衣物护理,阳台改造,母婴家庭场景，可作为智能晾衣架类目的主推商品。",热风烘干；电动升降；遇阻即停；照明,衣物护理；阳台改造；母婴家庭,母婴家庭；老人家庭,Plus；智能晾衣架；母婴家庭；热风烘干；照明；电动升降；老人家庭；衣物护理；遇阻即停；阳台改造,4.5,2474,13880,0.98,需要预约安装,七天无理由，整机一年质保，支持在线客服,涂鸦智能；小度
282,Aqara薄款晾衣架 Plus,智能晾衣架,Aqara官方旗舰店,1 台,2699,204,Aqara,"Aqara薄款晾衣架 Plus 面向母婴家庭,新房装修，适合全屋智能,母婴家庭,阳台改造场景，可作为智能晾衣架类目的主推商品。",热风烘干；语音控制；照明；电动升降,全屋智能；母婴家庭；阳台改造,母婴家庭；新房装修,Plus；全屋智能；新房装修；智能晾衣架；母婴家庭；热风烘干；照明；电动升降；语音控制；阳台改造,4.5,1562,7574,0.98,需要预约安装,七天无理由，整机一年质保，支持在线客服,小度；米家；涂鸦智能；Aqara Home
283,欧瑞博薄款晾衣架 Lite,智能晾衣架,欧瑞博生态链旗舰店,1 台,1099,187,欧瑞博,"欧瑞博薄款晾衣架 Lite 面向母婴家庭,阳台用户，适合全屋智能,阳台改造,衣物护理场景，可作为智能晾衣架类目的主推商品。",电动升降；热风烘干；紫外杀菌；语音控制,全屋智能；阳台改造；衣物护理,母婴家庭；阳台用户,Lite；全屋智能；智能晾衣架；母婴家庭；热风烘干；电动升降；紫外杀菌；衣物护理；语音控制；阳台改造；阳台用户,4.7,133,7700,0.98,需要预约安装,七天无理由，整机一年质保，支持在线客服,小度；天猫精灵；涂鸦智能；Aqara Home
284,欧瑞博杀菌晾衣架 Plus,智能晾衣架,欧瑞博智能生活专营店,1 台,2399,80,欧瑞博,"欧瑞博杀菌晾衣架 Plus 面向老人家庭,阳台用户，适合阳台改造,母婴家庭,全屋智能场景，可作为智能晾衣架类目的主推商品。",遇阻即停；电动升降；照明；热风烘干,阳台改造；母婴家庭；全屋智能,老人家庭；阳台用户,Plus；全屋智能；智能晾衣架；母婴家庭；热风烘干；照明；电动升降；老人家庭；遇阻即停；阳台改造；阳台用户,4.6,1625,18680,0.98,需要预约安装,七天无理由，整机一年质保，支持在线客服,Aqara Home；Matter；Apple HomeKit；天猫精灵
285,欧瑞博阳台晾衣机 Lite,智能晾衣架,欧瑞博授权专卖店,1 台,1299,105,欧瑞博,"欧瑞博阳台晾衣机 Lite 面向老人家庭,新房装修，适合衣物护理,母婴家庭,全屋智能场景，可作为智能晾衣架类目的主推商品。",紫外杀菌；热风烘干；电动升降；语音控制,衣物护理；母婴家庭；全屋智能,老人家庭；新房装修,Lite；全屋智能；新房装修；智能晾衣架；母婴家庭；热风烘干；电动升降；紫外杀菌；老人家庭；衣物护理；语音控制,4.6,638,20769,0.98,需要预约安装,七天无理由，整机一年质保，支持在线客服,华为鸿蒙智联；Matter；Apple HomeKit；米家
286,盼盼薄款晾衣架 Lite,智能晾衣架,盼盼官方旗舰店,1 台,899,78,盼盼,"盼盼薄款晾衣架 Lite 面向母婴家庭,新房装修，适合母婴家庭,阳台改造,衣物护理场景，可作为智能晾衣架类目的主推商品。",紫外杀菌；语音控制；遇阻即停；热风烘干,母婴家庭；阳台改造；衣物护理,母婴家庭；新房装修,Lite；新房装修；智能晾衣架；母婴家庭；热风烘干；紫外杀菌；衣物护理；语音控制；遇阻即停；阳台改造,4.8,3588,20714,0.98,需要预约安装,七天无理由，整机一年质保，支持在线客服,Apple HomeKit；华为鸿蒙智联
287,盼盼母婴晾衣架 Lite,智能晾衣架,盼盼授权专卖店,1 台,1449,19,盼盼,"盼盼母婴晾衣架 Lite 面向母婴家庭,阳台用户，适合衣物护理,全屋智能,母婴家庭场景，可作为智能晾衣架类目的主推商品。",电动升降；照明；语音控制；热风烘干,衣物护理；全屋智能；母婴家庭,母婴家庭；阳台用户,Lite；全屋智能；智能晾衣架；母婴家庭；热风烘干；照明；电动升降；衣物护理；语音控制；阳台用户,4.9,4634,3221,0.98,需要预约安装,七天无理由，整机一年质保，支持在线客服,米家；Aqara Home
288,盼盼电动晾衣架 Plus,智能晾衣架,盼盼生态链旗舰店,1 台,2499,110,盼盼,"盼盼电动晾衣架 Plus 面向阳台用户,老人家庭，适合衣物护理,阳台改造,母婴家庭场景，可作为智能晾衣架类目的主推商品。",电动升降；紫外杀菌；语音控制；遇阻即停,衣物护理；阳台改造；母婴家庭,阳台用户；老人家庭,Plus；智能晾衣架；母婴家庭；电动升降；紫外杀菌；老人家庭；衣物护理；语音控制；遇阻即停；阳台改造；阳台用户,4.8,2006,22253,0.98,需要预约安装,七天无理由，整机一年质保，支持在线客服,华为鸿蒙智联；小度；Matter；涂鸦智能
289,AqaraZigbee 网关 Plus,智能网关,Aqara授权专卖店,1 台,499,53,Aqara,"AqaraZigbee 网关 Plus 面向新房装修,智能家居进阶用户，适合节能用电,新房装修,家庭安防场景，可作为智能网关类目的主推商品。",断网可用；本地自动化；Matter 兼容；场景中枢,节能用电；新房装修；家庭安防,新房装修；智能家居进阶用户,Matter 兼容；Plus；场景中枢；家庭安防；断网可用；新房装修；智能家居进阶用户；智能网关；本地自动化；节能用电,4.8,1884,35959,0.98,免安装或简单安装,七天无理由，整机一年质保，支持在线客服,华为鸿蒙智联；涂鸦智能
290,Aqara红外网关 Lite,智能网关,Aqara授权专卖店,1 台,279,51,Aqara,"Aqara红外网关 Lite 面向智能家居进阶用户,多设备家庭，适合节能用电,全屋智能,新房装修场景，可作为智能网关类目的主推商品。",场景中枢；断网可用；语音联动；多协议接入,节能用电；全屋智能；新房装修,智能家居进阶用户；多设备家庭,Lite；全屋智能；场景中枢；多协议接入；多设备家庭；断网可用；新房装修；智能家居进阶用户；智能网关；节能用电；语音联动,4.6,3544,20700,0.98,免安装或简单安装,七天无理由，整机一年质保，支持在线客服,Aqara Home；涂鸦智能
291,Aqara蓝牙网关 Plus,智能网关,Aqara官方旗舰店,1 台,499,27,Aqara,"Aqara蓝牙网关 Plus 面向智能家居进阶用户,多设备家庭，适合新房装修,家庭安防,节能用电场景，可作为智能网关类目的主推商品。",Matter 兼容；断网可用；本地自动化；多协议接入,新房装修；家庭安防；节能用电,智能家居进阶用户；多设备家庭,Matter 兼容；Plus；多协议接入；多设备家庭；家庭安防；断网可用；新房装修；智能家居进阶用户；智能网关；本地自动化；节能用电,4.3,2031,1908,0.912,免安装或简单安装,七天无理由，整机一年质保，支持在线客服,天猫精灵；Matter；涂鸦智能
292,米家红外网关 Max,智能网关,米家智能生活专营店,1 台,899,236,米家,"米家红外网关 Max 面向新房装修,技术爱好者，适合节能用电,家庭安防,全屋智能场景，可作为智能网关类目的主推商品。",语音联动；多协议接入；本地自动化；断网可用,节能用电；家庭安防；全屋智能,新房装修；技术爱好者,Max；全屋智能；多协议接入；家庭安防；技术爱好者；断网可用；新房装修；智能网关；本地自动化；节能用电；语音联动,4.5,2514,26926,0.98,免安装或简单安装,七天无理由，整机一年质保，支持在线客服,天猫精灵；Aqara Home；涂鸦智能
293,米家多模网关 Plus,智能网关,米家生态链旗舰店,1 台,499,42,米家,"米家多模网关 Plus 面向多设备家庭,智能家居进阶用户，适合新房装修,全屋智能,家庭安防场景，可作为智能网关类目的主推商品。",语音联动；本地自动化；场景中枢；断网可用,新房装修；全屋智能；家庭安防,多设备家庭；智能家居进阶用户,Plus；全屋智能；场景中枢；多设备家庭；家庭安防；断网可用；新房装修；智能家居进阶用户；智能网关；本地自动化；语音联动,4.9,2756,26709,0.98,免安装或简单安装,七天无理由，整机一年质保，支持在线客服,华为鸿蒙智联；米家；Matter；小度
294,米家Matter 网关 Pro,智能网关,米家智能生活专营店,1 台,849,117,米家,"米家Matter 网关 Pro 面向智能家居进阶用户,技术爱好者，适合节能用电,家庭安防,全屋智能场景，可作为智能网关类目的主推商品。",场景中枢；断网可用；本地自动化；Matter 兼容,节能用电；家庭安防；全屋智能,智能家居进阶用户；技术爱好者,Matter 兼容；Pro；全屋智能；场景中枢；家庭安防；技术爱好者；断网可用；智能家居进阶用户；智能网关；本地自动化；节能用电,4.9,1672,3044,0.98,免安装或简单安装,七天无理由，整机一年质保，支持在线客服,天猫精灵；小度
295,华为智选Matter 网关 Lite,智能网关,华为智选官方旗舰店,1 台,139,187,华为智选,"华为智选Matter 网关 Lite 面向技术爱好者,多设备家庭，适合节能用电,新房装修,全屋智能场景，可作为智能网关类目的主推商品。",语音联动；断网可用；本地自动化；Matter 兼容,节能用电；新房装修；全屋智能,技术爱好者；多设备家庭,Lite；Matter 兼容；全屋智能；多设备家庭；技术爱好者；断网可用；新房装修；智能网关；本地自动化；节能用电；语音联动,4.5,280,8633,0.98,免安装或简单安装,七天无理由，整机一年质保，支持在线客服,小度；涂鸦智能；Apple HomeKit
296,华为智选蓝牙网关 Plus,智能网关,华为智选智能生活专营店,1 台,599,118,华为智选,"华为智选蓝牙网关 Plus 面向智能家居进阶用户,多设备家庭，适合家庭安防,新房装修,全屋智能场景，可作为智能网关类目的主推商品。",语音联动；场景中枢；Matter 兼容；本地自动化,家庭安防；新房装修；全屋智能,智能家居进阶用户；多设备家庭,Matter 兼容；Plus；全屋智能；场景中枢；多设备家庭；家庭安防；新房装修；智能家居进阶用户；智能网关；本地自动化；语音联动,4.6,4172,26118,0.98,免安装或简单安装,七天无理由，整机一年质保，支持在线客服,米家；Apple HomeKit；Aqara Home；天猫精灵
297,华为智选全屋中控网关 Plus,智能网关,华为智选授权专卖店,1 台,449,202,华为智选,"华为智选全屋中控网关 Plus 面向新房装修,技术爱好者，适合家庭安防,新房装修,全屋智能场景，可作为智能网关类目的主推商品。",Matter 兼容；本地自动化；多协议接入；场景中枢,家庭安防；新房装修；全屋智能,新房装修；技术爱好者,Matter 兼容；Plus；全屋智能；场景中枢；多协议接入；家庭安防；技术爱好者；新房装修；智能网关；本地自动化,4.3,1132,25726,0.98,免安装或简单安装,七天无理由，整机一年质保，支持在线客服,Matter；天猫精灵
298,欧瑞博多模网关 Plus,智能网关,欧瑞博生态链旗舰店,1 台,399,222,欧瑞博,"欧瑞博多模网关 Plus 面向多设备家庭,新房装修，适合新房装修,节能用电,家庭安防场景，可作为智能网关类目的主推商品。",Matter 兼容；场景中枢；语音联动；多协议接入,新房装修；节能用电；家庭安防,多设备家庭；新房装修,Matter 兼容；Plus；场景中枢；多协议接入；多设备家庭；家庭安防；新房装修；智能网关；节能用电；语音联动,4.5,1607,10898,0.98,免安装或简单安装,七天无理由，整机一年质保，支持在线客服,Aqara Home；Matter；天猫精灵；Apple HomeKit
299,欧瑞博全屋中控网关 Plus,智能网关,欧瑞博生态链旗舰店,1 台,399,256,欧瑞博,"欧瑞博全屋中控网关 Plus 面向新房装修,多设备家庭，适合节能用电,全屋智能,新房装修场景，可作为智能网关类目的主推商品。",本地自动化；多协议接入；断网可用；语音联动,节能用电；全屋智能；新房装修,新房装修；多设备家庭,Plus；全屋智能；多协议接入；多设备家庭；断网可用；新房装修；智能网关；本地自动化；节能用电；语音联动,4.6,804,26802,0.98,免安装或简单安装,七天无理由，整机一年质保，支持在线客服,涂鸦智能；Aqara Home；Matter；Apple HomeKit
300,欧瑞博蓝牙网关 Pro,智能网关,欧瑞博授权专卖店,1 台,749,76,欧瑞博,"欧瑞博蓝牙网关 Pro 面向多设备家庭,技术爱好者，适合全屋智能,新房装修,家庭安防场景，可作为智能网关类目的主推商品。",Matter 兼容；语音联动；断网可用；场景中枢,全屋智能；新房装修；家庭安防,多设备家庭；技术爱好者,Matter 兼容；Pro；全屋智能；场景中枢；多设备家庭；家庭安防；技术爱好者；断网可用；新房装修；智能网关；语音联动,4.6,1600,32851,0.98,免安装或简单安装,七天无理由，整机一年质保，支持在线客服,小度；Aqara Home；Apple HomeKit
301,涂鸦多模网关 Lite,智能网关,涂鸦智能生活专营店,1 台,129,23,涂鸦,"涂鸦多模网关 Lite 面向新房装修,多设备家庭，适合全屋智能,新房装修,节能用电场景，可作为智能网关类目的主推商品。",断网可用；本地自动化；Matter 兼容；语音联动,全屋智能；新房装修；节能用电,新房装修；多设备家庭,Lite；Matter 兼容；全屋智能；多设备家庭；断网可用；新房装修；智能网关；本地自动化；节能用电；语音联动,4.7,788,16739,0.98,免安装或简单安装,七天无理由，整机一年质保，支持在线客服,Matter；Apple HomeKit；涂鸦智能；天猫精灵
302,涂鸦Zigbee 网关 Plus,智能网关,涂鸦官方旗舰店,1 台,449,88,涂鸦,"涂鸦Zigbee 网关 Plus 面向技术爱好者,新房装修，适合节能用电,全屋智能,家庭安防场景，可作为智能网关类目的主推商品。",多协议接入；场景中枢；语音联动；Matter 兼容,节能用电；全屋智能；家庭安防,技术爱好者；新房装修,Matter 兼容；Plus；全屋智能；场景中枢；多协议接入；家庭安防；技术爱好者；新房装修；智能网关；节能用电；语音联动,4.6,1088,12372,0.98,免安装或简单安装,七天无理由，整机一年质保，支持在线客服,小度；华为鸿蒙智联
303,涂鸦蓝牙网关 Lite,智能网关,涂鸦授权专卖店,1 台,149,66,涂鸦,"涂鸦蓝牙网关 Lite 面向技术爱好者,多设备家庭，适合新房装修,家庭安防,全屋智能场景，可作为智能网关类目的主推商品。",语音联动；断网可用；本地自动化；场景中枢,新房装修；家庭安防；全屋智能,技术爱好者；多设备家庭,Lite；全屋智能；场景中枢；多设备家庭；家庭安防；技术爱好者；断网可用；新房装修；智能网关；本地自动化；语音联动,4.5,81,11526,0.98,免安装或简单安装,七天无理由，整机一年质保，支持在线客服,涂鸦智能；Apple HomeKit；Aqara Home；米家
304,领普多模网关 Max,智能网关,领普授权专卖店,1 台,999,23,领普,"领普多模网关 Max 面向多设备家庭,新房装修，适合全屋智能,新房装修,节能用电场景，可作为智能网关类目的主推商品。",多协议接入；场景中枢；Matter 兼容；断网可用,全屋智能；新房装修；节能用电,多设备家庭；新房装修,Matter 兼容；Max；全屋智能；场景中枢；多协议接入；多设备家庭；断网可用；新房装修；智能网关；节能用电,4.4,4320,28896,0.98,免安装或简单安装,七天无理由，整机一年质保，支持在线客服,Matter；Aqara Home；天猫精灵
305,领普Matter 网关 Plus,智能网关,领普智能生活专营店,1 台,599,47,领普,"领普Matter 网关 Plus 面向新房装修,智能家居进阶用户，适合新房装修,家庭安防,节能用电场景，可作为智能网关类目的主推商品。",Matter 兼容；多协议接入；场景中枢；语音联动,新房装修；家庭安防；节能用电,新房装修；智能家居进阶用户,Matter 兼容；Plus；场景中枢；多协议接入；家庭安防；新房装修；智能家居进阶用户；智能网关；节能用电；语音联动,4.4,109,19887,0.98,免安装或简单安装,七天无理由，整机一年质保，支持在线客服,Aqara Home；Matter；Apple HomeKit
306,领普蓝牙网关 Max,智能网关,领普生态链旗舰店,1 台,949,184,领普,"领普蓝牙网关 Max 面向智能家居进阶用户,技术爱好者，适合新房装修,家庭安防,全屋智能场景，可作为智能网关类目的主推商品。",多协议接入；本地自动化；场景中枢；语音联动,新房装修；家庭安防；全屋智能,智能家居进阶用户；技术爱好者,Max；全屋智能；场景中枢；多协议接入；家庭安防；技术爱好者；新房装修；智能家居进阶用户；智能网关；本地自动化；语音联动,4.9,2489,33461,0.98,免安装或简单安装,七天无理由，整机一年质保，支持在线客服,涂鸦智能；小度
